,price,propertyType,exterior,rooms,bathrooms,municipality,status,floor,hasLift,size_MinMax,distance_MinMax,outliers_ifo_0.01_100,outliers_ifo_0.01_400,outliers_ifo_0.01_1000,outliers_ifo_0.01_2000,outliers_ifo_0.05_100,outliers_ifo_0.05_400,outliers_ifo_0.05_1000,outliers_ifo_0.05_2000,outliers_ifo_0.1_100,outliers_ifo_0.1_400,outliers_ifo_0.1_1000,outliers_ifo_0.1_2000
0,750.0,flat,True,1,1,Madrid,good,3,True,0.4255319148936171,0.121496818109301,1.0,1.0,1.0,1.0,1.0,1.0,1.0,1.0,1.0,1.0,1.0,1.0
1,750.0,flat,True,2,1,San Sebastián de los Reyes,good,bj,False,0.5319148936170213,0.2829489656639427,1.0,1.0,1.0,1.0,1.0,1.0,1.0,1.0,1.0,1.0,1.0,1.0
2,684.0,studio,True,0,1,Madrid,desconocido,desconocido,desconocido,0.2659574468085106,0.1856486979951429,1.0,1.0,1.0,1.0,1.0,1.0,1.0,1.0,1.0,1.0,1.0,1.0
3,600.0,flat,True,2,1,Manzanares el Real,good,3,False,0.5638297872340425,0.6537322957474342,1.0,1.0,1.0,1.0,1.0,1.0,1.0,1.0,1.0,1.0,1.0,1.0
4,600.0,duplex,True,1,1,Miraflores de la Sierra,good,1,False,0.5425531914893618,0.7789516600783508,1.0,1.0,1.0,1.0,1.0,1.0,1.0,1.0,1.0,1.0,1.0,1.0
5,550.0,flat,True,1,1,Madrid,good,1,False,0.8724271670624579,0.6734192777941136,1.0,1.0,1.0,1.0,-1.0,-1.0,-1.0,-1.0,-1.0,-1.0,-1.0,-1.0
6,700.0,studio,True,0,1,Madrid,good,1,False,0.0851063829787233,0.0954744473791501,1.0,1.0,1.0,1.0,1.0,1.0,1.0,1.0,1.0,1.0,1.0,1.0
7,700.0,duplex,True,2,1,Galapagar,good,3,True,0.7021276595744681,0.5489869356354032,1.0,1.0,1.0,1.0,1.0,1.0,1.0,1.0,1.0,1.0,1.0,1.0
8,700.0,flat,False,1,1,Madrid,good,5,False,0.2659574468085106,0.0330243029089039,1.0,1.0,1.0,1.0,1.0,1.0,1.0,1.0,1.0,1.0,1.0,1.0
9,550.0,flat,True,2,1,Arganda,good,en,False,0.3617021276595744,0.4617729955861238,1.0,1.0,1.0,1.0,1.0,1.0,1.0,1.0,-1.0,-1.0,-1.0,-1.0
10,695.0,flat,True,2,1,San Sebastián de los Reyes,good,1,False,0.4680851063829787,0.2758938542534522,1.0,1.0,1.0,1.0,1.0,1.0,1.0,1.0,1.0,1.0,1.0,1.0
11,650.0,flat,True,2,1,San Lorenzo de el Escorial,good,bj,False,0.5106382978723404,0.7485331395245778,1.0,1.0,1.0,1.0,1.0,1.0,1.0,1.0,1.0,1.0,1.0,1.0
12,700.0,flat,False,1,1,Madrid,good,1,True,0.1063829787234042,0.0543137220144293,1.0,1.0,1.0,1.0,1.0,1.0,1.0,1.0,1.0,1.0,1.0,1.0
13,700.0,flat,False,1,1,Madrid,good,1,False,0.1595744680851063,0.0303298885008774,1.0,1.0,1.0,1.0,1.0,1.0,1.0,1.0,1.0,1.0,1.0,1.0
14,700.0,flat,True,1,1,Madrid,good,2,True,0.2446808510638297,0.0754967826564798,1.0,1.0,1.0,1.0,1.0,1.0,1.0,1.0,1.0,1.0,1.0,1.0
15,650.0,flat,True,2,1,Madrid,good,1,False,0.4255319148936171,0.0673958130218212,1.0,1.0,1.0,1.0,1.0,1.0,1.0,1.0,1.0,1.0,1.0,1.0
16,700.0,flat,True,3,2,Aranjuez,good,bj,False,0.904255319148936,0.7767713115771189,1.0,1.0,1.0,1.0,-1.0,-1.0,-1.0,-1.0,-1.0,-1.0,-1.0,-1.0
17,695.0,flat,False,1,1,Madrid,good,4,True,0.2127659574468085,0.0370127452892063,1.0,1.0,1.0,1.0,1.0,1.0,1.0,1.0,1.0,1.0,1.0,1.0
18,675.0,flat,True,1,1,Villanueva del Pardillo,good,bj,False,0.2127659574468085,0.4143193944658146,1.0,1.0,1.0,1.0,1.0,1.0,1.0,1.0,1.0,1.0,1.0,1.0
19,750.0,studio,False,0,1,Madrid,good,bj,True,0.2659574468085106,0.0149610905287788,1.0,1.0,1.0,1.0,1.0,1.0,1.0,1.0,1.0,1.0,1.0,1.0
20,750.0,flat,True,3,2,Aranjuez,good,1,True,0.8404255319148936,0.7677131157711876,1.0,1.0,1.0,1.0,-1.0,-1.0,-1.0,-1.0,-1.0,-1.0,-1.0,-1.0
21,680.0,flat,False,1,1,Madrid,good,1,True,0.1914893617021276,0.0426851966745253,1.0,1.0,1.0,1.0,1.0,1.0,1.0,1.0,1.0,1.0,1.0,1.0
22,750.0,flat,True,1,1,Madrid,good,1,True,0.3297872340425531,0.207629447113254,1.0,1.0,1.0,1.0,1.0,1.0,1.0,1.0,1.0,1.0,1.0,1.0
23,750.0,penthouse,True,1,1,Las Rozas de Madrid,good,2,False,0.4255319148936171,0.3746122347685817,1.0,1.0,1.0,1.0,1.0,1.0,1.0,1.0,1.0,1.0,1.0,1.0
24,750.0,studio,False,0,1,Madrid,good,4,True,0.0531914893617021,0.0062042437026926,1.0,1.0,1.0,1.0,1.0,1.0,1.0,1.0,1.0,1.0,1.0,1.0
25,750.0,flat,False,1,1,Madrid,good,1,False,0.2127659574468085,0.032013897505894,1.0,1.0,1.0,1.0,1.0,1.0,1.0,1.0,1.0,1.0,1.0,1.0
26,650.0,flat,True,2,1,Madrid,good,1,False,0.4468085106382978,0.135748852214915,1.0,1.0,1.0,1.0,1.0,1.0,1.0,1.0,1.0,1.0,1.0,1.0
27,750.0,studio,True,0,1,Madrid,good,3,False,0.1063829787234042,0.0133302607554996,1.0,1.0,1.0,1.0,1.0,1.0,1.0,1.0,1.0,1.0,1.0,1.0
28,750.0,flat,False,1,1,Madrid,good,5,False,0.202127659574468,0.0328470388031127,1.0,1.0,1.0,1.0,1.0,1.0,1.0,1.0,1.0,1.0,1.0,1.0
29,700.0,flat,True,2,1,Madrid,good,3,False,0.4468085106382978,0.1472887455019233,1.0,1.0,1.0,1.0,1.0,1.0,1.0,1.0,1.0,1.0,1.0,1.0
30,747.0,flat,True,3,2,Navalcarnero,good,1,True,0.8085106382978723,0.4684735787850318,1.0,1.0,1.0,1.0,1.0,1.0,1.0,1.0,1.0,1.0,1.0,1.0
31,640.0,studio,True,0,1,Madrid,good,1,True,0.1595744680851063,0.126584297945509,1.0,1.0,1.0,1.0,1.0,1.0,1.0,1.0,1.0,1.0,1.0,1.0
32,750.0,flat,False,1,1,Madrid,good,st,True,0.1063829787234042,0.0345665006292875,1.0,1.0,1.0,1.0,1.0,1.0,1.0,1.0,1.0,1.0,1.0,1.0
33,750.0,flat,True,2,1,Alcalá de Henares,good,2,True,0.5319148936170213,0.5055572297165547,1.0,1.0,1.0,1.0,1.0,1.0,1.0,1.0,1.0,1.0,1.0,1.0
34,625.0,flat,True,2,1,El Escorial,good,2,False,0.3404255319148936,0.7137007427366033,1.0,1.0,1.0,1.0,1.0,1.0,1.0,1.0,1.0,1.0,1.0,1.0
35,700.0,studio,True,0,1,Madrid,good,3,True,0.2127659574468085,0.022122560402744,1.0,1.0,1.0,1.0,1.0,1.0,1.0,1.0,1.0,1.0,1.0,1.0
36,750.0,studio,True,0,1,Madrid,good,en,True,0.2127659574468085,0.0396008012337581,1.0,1.0,1.0,1.0,1.0,1.0,1.0,1.0,1.0,1.0,1.0,1.0
37,650.0,flat,False,1,1,Madrid,good,2,True,0.1595744680851063,0.0166273731232162,1.0,1.0,1.0,1.0,1.0,1.0,1.0,1.0,1.0,1.0,1.0,1.0
38,720.0,flat,True,3,1,Alcalá de Henares,good,2,False,0.5319148936170213,0.512576888305887,1.0,1.0,1.0,1.0,1.0,1.0,1.0,1.0,1.0,1.0,1.0,1.0
39,699.0,flat,True,1,1,Madrid,good,3,True,0.3404255319148936,0.1224717706911527,1.0,1.0,1.0,1.0,1.0,1.0,1.0,1.0,1.0,1.0,1.0,1.0
40,750.0,flat,True,2,1,Leganés,good,desconocido,True,0.4787234042553191,0.2286352436495134,1.0,1.0,1.0,1.0,1.0,1.0,1.0,1.0,1.0,1.0,1.0,1.0
41,695.0,flat,True,2,1,Coslada,good,desconocido,True,0.4787234042553191,0.2432240795561307,1.0,1.0,1.0,1.0,1.0,1.0,1.0,1.0,1.0,1.0,1.0,1.0
42,750.0,flat,True,2,2,Torrejón de Ardoz,good,desconocido,True,0.6170212765957447,0.3463031570737241,1.0,1.0,1.0,1.0,1.0,1.0,1.0,1.0,1.0,1.0,1.0,1.0
43,620.0,flat,True,2,1,Madrid,good,desconocido,False,0.4255319148936171,0.138230549695992,1.0,1.0,1.0,1.0,1.0,1.0,1.0,1.0,1.0,1.0,1.0,1.0
44,550.0,flat,True,1,1,Leganés,good,desconocido,False,0.8724271670624579,0.6734192777941136,1.0,1.0,1.0,1.0,-1.0,-1.0,-1.0,-1.0,-1.0,-1.0,-1.0,-1.0
45,750.0,flat,False,1,1,Madrid,good,3,True,0.276595744680851,0.0229202488788045,1.0,1.0,1.0,1.0,1.0,1.0,1.0,1.0,1.0,1.0,1.0,1.0
46,680.0,studio,True,0,1,Madrid,good,bj,False,0.3723404255319149,0.0871075815858046,1.0,1.0,1.0,1.0,1.0,1.0,1.0,1.0,1.0,1.0,1.0,1.0
47,700.0,flat,True,1,2,Camarma de Esteruelas,desconocido,desconocido,desconocido,0.3191489361702128,0.5649229787460338,1.0,1.0,1.0,1.0,1.0,1.0,1.0,1.0,1.0,1.0,1.0,1.0
48,750.0,duplex,True,1,1,Madrid,desconocido,desconocido,desconocido,0.1595744680851063,0.0684948504777267,1.0,1.0,1.0,1.0,1.0,1.0,1.0,1.0,1.0,1.0,1.0,1.0
49,750.0,flat,True,2,1,Alcorcón,good,1,True,0.4893617021276596,0.2327123180827114,1.0,1.0,1.0,1.0,1.0,1.0,1.0,1.0,1.0,1.0,1.0,1.0
50,650.0,flat,True,1,1,Alcalá de Henares,good,en,True,0.4787234042553191,0.5186215943133675,1.0,1.0,1.0,1.0,1.0,1.0,1.0,1.0,1.0,1.0,1.0,1.0
51,600.0,flat,True,1,1,Valdemoro,good,desconocido,True,0.3191489361702128,0.4298122773119671,1.0,1.0,1.0,1.0,1.0,1.0,1.0,1.0,1.0,1.0,1.0,1.0
52,650.0,flat,True,1,1,Collado Villalba,good,2,True,0.4361702127659574,0.6151596263272651,1.0,1.0,1.0,1.0,1.0,1.0,1.0,1.0,1.0,1.0,1.0,1.0
53,650.0,flat,False,2,1,Alcorcón,good,3,False,0.4787234042553191,0.2012656657153493,1.0,1.0,1.0,1.0,1.0,1.0,1.0,1.0,1.0,1.0,1.0,1.0
54,700.0,flat,True,1,1,Madrid,good,3,False,0.2659574468085106,0.2151631716093808,1.0,1.0,1.0,1.0,1.0,1.0,1.0,1.0,1.0,1.0,1.0,1.0
55,625.0,flat,True,2,1,Getafe,good,bj,False,0.4468085106382978,0.203552372680056,1.0,1.0,1.0,1.0,1.0,1.0,1.0,1.0,1.0,1.0,1.0,1.0
56,595.0,flat,True,1,1,Madrid,good,bj,False,0.2659574468085106,0.0772871501249712,1.0,1.0,1.0,1.0,1.0,1.0,1.0,1.0,1.0,1.0,1.0,1.0
57,650.0,flat,True,1,1,Madrid,good,4,True,0.3723404255319149,0.1827947458919043,1.0,1.0,1.0,1.0,1.0,1.0,1.0,1.0,1.0,1.0,1.0,1.0
58,725.0,flat,True,1,1,Madrid,good,2,True,0.3191489361702128,0.1333912396078918,1.0,1.0,1.0,1.0,1.0,1.0,1.0,1.0,1.0,1.0,1.0,1.0
59,750.0,flat,True,3,1,Alcalá de Henares,good,8,True,0.797872340425532,0.501657419389148,1.0,1.0,1.0,1.0,1.0,1.0,1.0,1.0,1.0,1.0,1.0,1.0
60,700.0,penthouse,True,1,1,Madrid,good,1,True,0.1063829787234042,0.2103415879318597,1.0,1.0,1.0,1.0,1.0,1.0,1.0,1.0,1.0,1.0,1.0,1.0
61,700.0,flat,False,1,1,Madrid,good,3,False,0.0744680851063829,0.0214135039795791,1.0,1.0,1.0,1.0,1.0,1.0,1.0,1.0,1.0,1.0,1.0,1.0
62,650.0,flat,True,2,1,Alcalá de Henares,good,1,True,0.4148936170212766,0.5385106269831422,1.0,1.0,1.0,1.0,1.0,1.0,1.0,1.0,1.0,1.0,1.0,1.0
63,550.0,flat,True,1,1,Paracuellos de Jarama,good,3,True,0.8724271670624579,0.6734192777941136,1.0,1.0,1.0,1.0,-1.0,-1.0,-1.0,-1.0,-1.0,-1.0,-1.0,-1.0
64,650.0,flat,True,1,1,Madrid,good,4,True,0.3723404255319149,0.1792671901866591,1.0,1.0,1.0,1.0,1.0,1.0,1.0,1.0,1.0,1.0,1.0,1.0
65,750.0,flat,True,2,1,Madrid,good,desconocido,True,0.4787234042553191,0.0956694378955205,1.0,1.0,1.0,1.0,1.0,1.0,1.0,1.0,1.0,1.0,1.0,1.0
66,725.0,flat,True,2,1,Madrid,good,desconocido,True,0.5319148936170213,0.0697356992182652,1.0,1.0,1.0,1.0,1.0,1.0,1.0,1.0,1.0,1.0,1.0,1.0
67,700.0,flat,True,1,1,Alcalá de Henares,good,1,False,0.6382978723404256,0.51897612252495,1.0,1.0,1.0,1.0,1.0,1.0,1.0,1.0,1.0,1.0,1.0,1.0
68,650.0,flat,True,1,1,Madrid,good,bj,True,0.2127659574468085,0.213443709783206,1.0,1.0,1.0,1.0,1.0,1.0,1.0,1.0,1.0,1.0,1.0,1.0
69,695.0,flat,True,3,1,Madrid,good,desconocido,False,0.7446808510638298,0.1337634942300533,1.0,1.0,1.0,1.0,1.0,1.0,1.0,1.0,1.0,1.0,1.0,1.0
70,750.0,flat,True,1,1,Madrid,good,desconocido,False,0.3723404255319149,0.1034158793185967,1.0,1.0,1.0,1.0,1.0,1.0,1.0,1.0,1.0,1.0,1.0,1.0
71,650.0,flat,True,2,1,Madrid,good,desconocido,True,0.4787234042553191,0.1307500044316026,1.0,1.0,1.0,1.0,1.0,1.0,1.0,1.0,1.0,1.0,1.0,1.0
72,666.0,flat,True,1,2,Villanueva del Pardillo,good,1,True,0.5319148936170213,0.4374700866821477,1.0,1.0,1.0,1.0,1.0,1.0,1.0,1.0,1.0,1.0,1.0,1.0
73,750.0,flat,True,2,2,Alcalá de Henares,good,desconocido,True,0.6170212765957447,0.5281229503837769,1.0,1.0,1.0,1.0,1.0,1.0,1.0,1.0,1.0,1.0,1.0,1.0
74,630.0,flat,True,3,1,El Molar,good,desconocido,True,0.574468085106383,0.6434687040221226,1.0,1.0,1.0,1.0,1.0,1.0,1.0,1.0,1.0,1.0,1.0,1.0
75,635.0,studio,True,0,1,Leganés,good,2,True,0.3723404255319149,0.2542853597575027,1.0,1.0,1.0,1.0,1.0,1.0,1.0,1.0,1.0,1.0,1.0,1.0
76,725.0,flat,True,2,1,Collado Villalba,good,1,True,0.5212765957446809,0.6329923953698616,1.0,1.0,1.0,1.0,1.0,1.0,1.0,1.0,1.0,1.0,1.0,1.0
77,750.0,flat,False,1,1,Madrid,good,1,False,0.1595744680851063,0.0119830535514863,1.0,1.0,1.0,1.0,1.0,1.0,1.0,1.0,1.0,1.0,1.0,1.0
78,690.0,flat,True,2,1,Madrid,good,3,False,0.4787234042553191,0.0804956304397922,1.0,1.0,1.0,1.0,1.0,1.0,1.0,1.0,1.0,1.0,1.0,1.0
79,700.0,studio,False,0,1,Madrid,good,2,True,0.1063829787234042,0.0152092602768865,1.0,1.0,1.0,1.0,1.0,1.0,1.0,1.0,1.0,1.0,1.0,1.0
80,730.0,flat,True,3,1,Parla,good,1,False,0.4680851063829787,0.355449984932551,1.0,1.0,1.0,1.0,1.0,1.0,1.0,1.0,1.0,1.0,1.0,1.0
81,750.0,flat,True,1,1,Madrid,good,1,True,0.3297872340425531,0.0576640136138833,1.0,1.0,1.0,1.0,1.0,1.0,1.0,1.0,1.0,1.0,1.0,1.0
82,750.0,flat,False,1,1,Tres Cantos,good,4,True,0.2978723404255319,0.3606083704110754,1.0,1.0,1.0,1.0,1.0,1.0,1.0,1.0,1.0,1.0,1.0,1.0
83,690.0,flat,True,1,1,Madrid,good,desconocido,False,0.1595744680851063,0.0818782904649637,1.0,1.0,1.0,1.0,1.0,1.0,1.0,1.0,1.0,1.0,1.0,1.0
84,750.0,flat,True,3,1,Alcorcón,good,4,True,0.574468085106383,0.2275007533724496,1.0,1.0,1.0,1.0,1.0,1.0,1.0,1.0,1.0,1.0,1.0,1.0
85,700.0,duplex,True,1,1,Madrid,good,bj,False,0.1595744680851063,0.0118589686774325,1.0,1.0,1.0,1.0,1.0,1.0,1.0,1.0,1.0,1.0,1.0,1.0
86,720.0,flat,True,1,1,Madrid,good,4,True,0.2340425531914893,0.1444702462198429,1.0,1.0,1.0,1.0,1.0,1.0,1.0,1.0,1.0,1.0,1.0,1.0
87,595.0,flat,True,1,1,Quijorna,good,1,False,0.3723404255319149,0.52321273465336,1.0,1.0,1.0,1.0,1.0,1.0,1.0,1.0,1.0,1.0,1.0,1.0
88,700.0,flat,False,1,1,Madrid,good,1,False,0.2659574468085106,0.0164855618385833,1.0,1.0,1.0,1.0,1.0,1.0,1.0,1.0,1.0,1.0,1.0,1.0
89,700.0,flat,True,2,1,Aranjuez,good,1,False,0.5851063829787234,0.7752113874461561,1.0,1.0,1.0,1.0,1.0,1.0,1.0,1.0,1.0,1.0,1.0,1.0
90,675.0,duplex,True,2,2,Miraflores de la Sierra,good,2,False,0.7127659574468085,0.7856345168666797,1.0,1.0,1.0,1.0,1.0,1.0,1.0,1.0,1.0,1.0,1.0,1.0
91,650.0,flat,True,1,1,Pedrezuela,good,bj,False,0.2659574468085106,0.6657685285306579,1.0,1.0,1.0,1.0,1.0,1.0,1.0,1.0,-1.0,1.0,1.0,1.0
92,750.0,studio,True,0,1,Madrid,good,2,True,0.3723404255319149,0.0130289117756545,1.0,1.0,1.0,1.0,1.0,1.0,1.0,1.0,1.0,1.0,1.0,1.0
93,720.0,studio,True,0,1,San Sebastián de los Reyes,good,5,True,0.2659574468085106,0.2703277613316079,1.0,1.0,1.0,1.0,1.0,1.0,1.0,1.0,1.0,1.0,1.0,1.0
94,624.0,flat,True,1,1,Valdemoro,newdevelopment,desconocido,True,0.2659574468085106,0.4235548543775371,1.0,1.0,1.0,1.0,1.0,1.0,1.0,1.0,1.0,1.0,1.0,1.0
95,633.0,flat,True,1,1,Valdemoro,newdevelopment,desconocido,True,0.2659574468085106,0.4235548543775371,1.0,1.0,1.0,1.0,1.0,1.0,1.0,1.0,1.0,1.0,1.0,1.0
96,640.0,studio,True,0,1,Madrid,good,2,True,0.1382978723404255,0.1950968748338149,1.0,1.0,1.0,1.0,1.0,1.0,1.0,1.0,1.0,1.0,1.0,1.0
97,645.0,flat,True,2,2,Aranjuez,good,2,True,0.6808510638297872,0.7736514633151934,1.0,1.0,1.0,1.0,1.0,1.0,1.0,1.0,1.0,1.0,1.0,1.0
98,750.0,flat,False,1,1,Madrid,good,3,False,0.276595744680851,0.0157055997731019,1.0,1.0,1.0,1.0,1.0,1.0,1.0,1.0,1.0,1.0,1.0,1.0
99,735.0,studio,True,0,1,Madrid,good,1,True,0.1595744680851063,0.1933065073653236,1.0,1.0,1.0,1.0,1.0,1.0,1.0,1.0,1.0,1.0,1.0,1.0
100,600.0,flat,True,1,1,Daganzo de Arriba,desconocido,desconocido,desconocido,0.3723404255319149,0.4432666229415206,1.0,1.0,1.0,1.0,1.0,1.0,1.0,1.0,1.0,1.0,1.0,1.0
101,750.0,flat,True,3,1,Madrid,good,desconocido,False,0.5851063829787234,0.1436371049226242,1.0,1.0,1.0,1.0,1.0,1.0,1.0,1.0,1.0,1.0,1.0,1.0
102,600.0,penthouse,True,1,1,Madrid,good,5,True,0.0531914893617021,0.0,1.0,1.0,1.0,1.0,1.0,1.0,1.0,1.0,-1.0,-1.0,-1.0,-1.0
103,705.0,flat,True,1,1,Madrid,good,4,True,0.2978723404255319,0.2001134490277064,1.0,1.0,1.0,1.0,1.0,1.0,1.0,1.0,1.0,1.0,1.0,1.0
104,650.0,flat,True,2,1,Guadarrama,good,3,False,0.4468085106382978,0.7630510697888785,1.0,1.0,1.0,1.0,1.0,1.0,1.0,1.0,1.0,1.0,1.0,1.0
105,700.0,duplex,True,2,1,Cobeña,good,1,False,0.4361702127659574,0.4207186286848776,1.0,1.0,1.0,1.0,1.0,1.0,1.0,1.0,1.0,1.0,1.0,1.0
106,650.0,studio,False,0,1,Madrid,good,en,True,0.2127659574468085,0.0869480438905925,1.0,1.0,1.0,1.0,1.0,1.0,1.0,1.0,1.0,1.0,1.0,1.0
107,700.0,flat,True,1,1,Madrid,good,bj,False,0.2127659574468085,0.0512825058053994,1.0,1.0,1.0,1.0,1.0,1.0,1.0,1.0,1.0,1.0,1.0,1.0
108,730.0,flat,True,2,1,Madrid,good,4,False,0.3297872340425531,0.1167106872529381,1.0,1.0,1.0,1.0,1.0,1.0,1.0,1.0,1.0,1.0,1.0,1.0
109,750.0,flat,True,2,1,Madrid,good,3,False,0.3191489361702128,0.1444347933986847,1.0,1.0,1.0,1.0,1.0,1.0,1.0,1.0,1.0,1.0,1.0,1.0
110,680.0,flat,True,2,1,Torrejón de Ardoz,good,3,False,0.3829787234042553,0.3388403382199138,1.0,1.0,1.0,1.0,1.0,1.0,1.0,1.0,1.0,1.0,1.0,1.0
111,710.0,flat,True,3,1,Parla,good,4,False,0.6170212765957447,0.3799478843528974,1.0,1.0,1.0,1.0,1.0,1.0,1.0,1.0,1.0,1.0,1.0,1.0
112,720.0,flat,True,2,1,Madrid,good,1,False,0.2872340425531915,0.1224008650488362,1.0,1.0,1.0,1.0,1.0,1.0,1.0,1.0,1.0,1.0,1.0,1.0
113,750.0,studio,True,0,1,Madrid,good,desconocido,True,0.2446808510638297,0.0912732880718983,1.0,1.0,1.0,1.0,1.0,1.0,1.0,1.0,1.0,1.0,1.0,1.0
114,695.0,studio,True,0,1,Madrid,good,desconocido,True,0.2127659574468085,0.2161381241912325,1.0,1.0,1.0,1.0,1.0,1.0,1.0,1.0,1.0,1.0,1.0,1.0
115,630.0,flat,True,1,2,El Álamo,desconocido,desconocido,desconocido,0.3617021276595744,0.5716590147661,1.0,1.0,1.0,1.0,1.0,1.0,1.0,1.0,1.0,1.0,1.0,1.0
116,750.0,flat,True,3,1,Algete,good,desconocido,True,0.7446808510638298,0.4647510325634162,1.0,1.0,1.0,1.0,1.0,1.0,1.0,1.0,1.0,1.0,1.0,1.0
117,730.0,flat,True,1,1,Madrid,good,2,True,0.3191489361702128,0.1512771878822257,1.0,1.0,1.0,1.0,1.0,1.0,1.0,1.0,1.0,1.0,1.0,1.0
118,600.0,flat,True,3,1,Valdemoro,good,desconocido,True,0.7446808510638298,0.4431425380674667,1.0,1.0,1.0,1.0,1.0,1.0,1.0,1.0,-1.0,-1.0,-1.0,-1.0
119,650.0,studio,True,0,1,Madrid,good,bj,True,0.2659574468085106,0.0970166450995338,1.0,1.0,1.0,1.0,1.0,1.0,1.0,1.0,1.0,1.0,1.0,1.0
120,750.0,flat,False,1,1,Madrid,good,bj,True,0.1914893617021276,0.0050874798362079,1.0,1.0,1.0,1.0,1.0,1.0,1.0,1.0,1.0,1.0,1.0,1.0
121,730.0,flat,True,1,1,Rivas-Vaciamadrid,good,desconocido,True,0.3191489361702128,0.28764646446741,1.0,1.0,1.0,1.0,1.0,1.0,1.0,1.0,1.0,1.0,1.0,1.0
122,735.0,studio,True,0,1,Madrid,good,2,True,0.1063829787234042,0.1950791484232358,1.0,1.0,1.0,1.0,1.0,1.0,1.0,1.0,1.0,1.0,1.0,1.0
123,610.0,flat,False,1,1,Pinto,good,bj,True,0.5531914893617021,0.3432010352223778,1.0,1.0,1.0,1.0,1.0,1.0,1.0,1.0,1.0,1.0,1.0,1.0
124,580.0,chalet,False,3,2,Los Santos de la Humosa,good,desconocido,desconocido,0.3617021276595744,0.6890255792104657,1.0,1.0,1.0,1.0,1.0,1.0,1.0,1.0,-1.0,-1.0,-1.0,-1.0
125,725.0,flat,True,1,1,Villanueva del Pardillo,good,en,False,0.3191489361702128,0.4184141953095918,1.0,1.0,1.0,1.0,1.0,1.0,1.0,1.0,1.0,1.0,1.0,1.0
126,750.0,flat,True,1,1,Madrid,good,1,False,0.2978723404255319,0.0868948646588552,1.0,1.0,1.0,1.0,1.0,1.0,1.0,1.0,1.0,1.0,1.0,1.0
127,750.0,flat,True,3,1,Alcalá de Henares,good,2,False,0.5319148936170213,0.5225214046407743,1.0,1.0,1.0,1.0,1.0,1.0,1.0,1.0,1.0,1.0,1.0,1.0
128,750.0,flat,True,1,1,Madrid,good,7,True,0.3085106382978724,0.146810132416287,1.0,1.0,1.0,1.0,1.0,1.0,1.0,1.0,1.0,1.0,1.0,1.0
129,730.0,flat,True,3,1,Parla,good,3,False,0.4255319148936171,0.3680889156754648,1.0,1.0,1.0,1.0,1.0,1.0,1.0,1.0,1.0,1.0,1.0,1.0
130,560.0,flat,False,1,1,Madrid,good,bj,False,0.8724271670624579,0.6734192777941136,1.0,1.0,1.0,1.0,-1.0,-1.0,-1.0,-1.0,-1.0,-1.0,-1.0,-1.0
131,700.0,studio,True,0,1,Madrid,desconocido,desconocido,desconocido,0.0319148936170212,0.0192863347100845,1.0,1.0,1.0,1.0,1.0,1.0,1.0,1.0,1.0,1.0,1.0,1.0
132,750.0,flat,True,3,1,San Fernando de Henares,good,2,True,0.6382978723404256,0.2624926878556361,1.0,1.0,1.0,1.0,1.0,1.0,1.0,1.0,1.0,1.0,1.0,1.0
133,730.0,flat,True,3,1,Pinto,good,3,False,0.5319148936170213,0.3296757839505078,1.0,1.0,1.0,1.0,1.0,1.0,1.0,1.0,1.0,1.0,1.0,1.0
134,730.0,flat,True,2,1,Madrid,good,4,False,0.3404255319148936,0.1532270930459291,1.0,1.0,1.0,1.0,1.0,1.0,1.0,1.0,1.0,1.0,1.0,1.0
135,740.0,flat,True,2,1,Madrid,good,3,False,0.4680851063829787,0.1450374913583748,1.0,1.0,1.0,1.0,1.0,1.0,1.0,1.0,1.0,1.0,1.0,1.0
136,720.0,flat,True,2,1,Madrid,good,2,False,0.4787234042553191,0.1298991367238048,1.0,1.0,1.0,1.0,1.0,1.0,1.0,1.0,1.0,1.0,1.0,1.0
137,720.0,flat,True,2,1,Torrejón de Ardoz,good,2,False,0.4574468085106383,0.3465158740006736,1.0,1.0,1.0,1.0,1.0,1.0,1.0,1.0,1.0,1.0,1.0,1.0
138,740.0,flat,True,2,1,Madrid,good,1,True,0.3617021276595744,0.1143885274670731,1.0,1.0,1.0,1.0,1.0,1.0,1.0,1.0,1.0,1.0,1.0,1.0
139,720.0,flat,True,2,1,Getafe,good,3,False,0.3404255319148936,0.2217928491659724,1.0,1.0,1.0,1.0,1.0,1.0,1.0,1.0,1.0,1.0,1.0,1.0
140,730.0,flat,True,2,1,Madrid,good,3,False,0.2659574468085106,0.0744863772534699,1.0,1.0,1.0,1.0,1.0,1.0,1.0,1.0,1.0,1.0,1.0,1.0
141,600.0,duplex,False,1,1,Madrid,desconocido,desconocido,desconocido,0.6382978723404256,0.1247939304770177,1.0,1.0,1.0,1.0,1.0,1.0,1.0,1.0,1.0,-1.0,-1.0,-1.0
142,600.0,duplex,False,1,1,Madrid,desconocido,desconocido,desconocido,0.6382978723404256,0.1233403648095297,1.0,1.0,1.0,1.0,1.0,1.0,1.0,1.0,1.0,-1.0,-1.0,-1.0
143,725.0,duplex,True,2,1,Cobeña,good,1,False,0.5425531914893618,0.4072642830553241,1.0,1.0,1.0,1.0,1.0,1.0,1.0,1.0,1.0,1.0,1.0,1.0
144,675.0,flat,True,3,1,Aldea del Fresno,good,2,False,0.5957446808510638,0.7675890308971337,1.0,1.0,1.0,1.0,1.0,1.0,1.0,1.0,1.0,1.0,1.0,1.0
145,750.0,flat,True,1,1,San Sebastián de los Reyes,good,3,True,0.3617021276595744,0.2774360519738358,1.0,1.0,1.0,1.0,1.0,1.0,1.0,1.0,1.0,1.0,1.0,1.0
146,750.0,duplex,True,2,2,Collado Villalba,good,1,False,0.6276595744680851,0.6118093347278111,1.0,1.0,1.0,1.0,1.0,1.0,1.0,1.0,1.0,1.0,1.0,1.0
147,700.0,flat,True,1,1,Madrid,good,2,True,0.3617021276595744,0.0562104479463953,1.0,1.0,1.0,1.0,1.0,1.0,1.0,1.0,1.0,1.0,1.0,1.0
148,750.0,flat,True,2,1,Madrid,good,3,False,0.3617021276595744,0.1442752557034726,1.0,1.0,1.0,1.0,1.0,1.0,1.0,1.0,1.0,1.0,1.0,1.0
149,730.0,flat,True,2,1,Madrid,good,3,False,0.2978723404255319,0.1207877616861361,1.0,1.0,1.0,1.0,1.0,1.0,1.0,1.0,1.0,1.0,1.0,1.0
150,650.0,flat,True,2,1,Alcalá de Henares,good,4,False,0.4361702127659574,0.5038200414798009,1.0,1.0,1.0,1.0,1.0,1.0,1.0,1.0,1.0,1.0,1.0,1.0
151,730.0,flat,True,2,1,Madrid,good,1,False,0.4574468085106383,0.1366706255650293,1.0,1.0,1.0,1.0,1.0,1.0,1.0,1.0,1.0,1.0,1.0,1.0
152,720.0,flat,True,2,1,Madrid,good,2,False,0.3191489361702128,0.1215677237516175,1.0,1.0,1.0,1.0,1.0,1.0,1.0,1.0,1.0,1.0,1.0,1.0
153,720.0,flat,True,2,1,Madrid,good,1,False,0.3297872340425531,0.1203623278322372,1.0,1.0,1.0,1.0,1.0,1.0,1.0,1.0,1.0,1.0,1.0,1.0
154,750.0,flat,True,2,1,Madrid,good,1,False,0.2872340425531915,0.0771985180720755,1.0,1.0,1.0,1.0,1.0,1.0,1.0,1.0,1.0,1.0,1.0,1.0
155,730.0,flat,True,2,1,Madrid,good,3,False,0.3191489361702128,0.1281264956658926,1.0,1.0,1.0,1.0,1.0,1.0,1.0,1.0,1.0,1.0,1.0,1.0
156,730.0,flat,True,2,1,Madrid,good,2,False,0.2127659574468085,0.0712247177069115,1.0,1.0,1.0,1.0,1.0,1.0,1.0,1.0,1.0,1.0,1.0,1.0
157,670.0,flat,True,2,1,Valdemoro,good,1,True,0.5,0.4416889723999787,1.0,1.0,1.0,1.0,1.0,1.0,1.0,1.0,1.0,1.0,1.0,1.0
158,740.0,flat,True,2,1,Madrid,good,3,False,0.3404255319148936,0.082941875099711,1.0,1.0,1.0,1.0,1.0,1.0,1.0,1.0,1.0,1.0,1.0,1.0
159,720.0,flat,True,2,1,Alcalá de Henares,good,1,True,0.5212765957446809,0.5123109921472002,1.0,1.0,1.0,1.0,1.0,1.0,1.0,1.0,1.0,1.0,1.0,1.0
160,750.0,flat,True,2,1,Madrid,good,4,False,0.4148936170212766,0.1456579157286441,1.0,1.0,1.0,1.0,1.0,1.0,1.0,1.0,1.0,1.0,1.0,1.0
161,740.0,flat,True,2,1,Madrid,good,3,False,0.2659574468085106,0.1336039565348412,1.0,1.0,1.0,1.0,1.0,1.0,1.0,1.0,1.0,1.0,1.0,1.0
162,740.0,flat,True,2,1,Madrid,good,1,True,0.4255319148936171,0.1149912254267633,1.0,1.0,1.0,1.0,1.0,1.0,1.0,1.0,1.0,1.0,1.0,1.0
163,730.0,studio,False,0,1,Madrid,good,desconocido,True,0.2659574468085106,0.0118944214985907,1.0,1.0,1.0,1.0,1.0,1.0,1.0,1.0,1.0,1.0,1.0,1.0
164,620.0,flat,True,3,1,Parla,good,desconocido,True,0.5851063829787234,0.3697906510910606,1.0,1.0,1.0,1.0,1.0,1.0,1.0,1.0,1.0,1.0,1.0,1.0
165,695.0,flat,True,2,1,Fuenlabrada,good,desconocido,False,0.5,0.2823462677042526,1.0,1.0,1.0,1.0,1.0,1.0,1.0,1.0,1.0,1.0,1.0,1.0
166,650.0,flat,True,3,1,Navalcarnero,good,desconocido,True,0.797872340425532,0.5264921206104977,1.0,1.0,1.0,1.0,1.0,1.0,1.0,1.0,-1.0,-1.0,-1.0,-1.0
167,675.0,flat,True,2,1,Alcalá de Henares,good,desconocido,True,0.5106382978723404,0.536720259514651,1.0,1.0,1.0,1.0,1.0,1.0,1.0,1.0,1.0,1.0,1.0,1.0
168,695.0,flat,True,2,1,Madrid,good,desconocido,False,0.4787234042553191,0.1471469342172903,1.0,1.0,1.0,1.0,1.0,1.0,1.0,1.0,1.0,1.0,1.0,1.0
169,750.0,flat,True,2,2,Parla,good,6,True,0.9680851063829786,0.3616187758140854,1.0,1.0,1.0,1.0,1.0,-1.0,1.0,1.0,-1.0,-1.0,-1.0,-1.0
170,675.0,flat,False,1,1,Madrid,desconocido,desconocido,desconocido,0.1595744680851063,0.0147661000124084,1.0,1.0,1.0,1.0,1.0,1.0,1.0,1.0,1.0,1.0,1.0,1.0
171,730.0,flat,False,3,1,Parla,good,3,False,0.4255319148936171,0.3646854448442734,1.0,1.0,1.0,1.0,1.0,1.0,1.0,1.0,1.0,1.0,1.0,1.0
172,690.0,flat,True,2,1,Parla,good,desconocido,True,0.6914893617021277,0.3655363125520713,1.0,1.0,1.0,1.0,1.0,1.0,1.0,1.0,1.0,1.0,1.0,1.0
173,750.0,flat,False,1,1,Madrid,good,bj,False,0.2659574468085106,0.0869657703011717,1.0,1.0,1.0,1.0,1.0,1.0,1.0,1.0,1.0,1.0,1.0,1.0
174,600.0,studio,True,0,1,Madrid,good,1,True,0.1276595744680851,0.1088756137769663,1.0,1.0,1.0,1.0,1.0,1.0,1.0,1.0,1.0,1.0,1.0,1.0
175,723.0,studio,True,0,1,Rivas-Vaciamadrid,newdevelopment,desconocido,True,0.0531914893617021,0.2941166043287894,1.0,1.0,1.0,1.0,1.0,1.0,1.0,1.0,-1.0,-1.0,-1.0,-1.0
176,725.0,flat,True,1,1,Madrid,good,1,True,0.3191489361702128,0.1829365571765373,1.0,1.0,1.0,1.0,1.0,1.0,1.0,1.0,1.0,1.0,1.0,1.0
177,750.0,flat,True,3,1,Getafe,desconocido,desconocido,desconocido,0.5,0.2033928349848439,1.0,1.0,1.0,1.0,1.0,1.0,1.0,1.0,1.0,1.0,1.0,1.0
178,600.0,flat,True,2,1,Mataelpino,desconocido,desconocido,desconocido,0.2659574468085106,0.7235920798397533,1.0,1.0,1.0,1.0,1.0,1.0,1.0,1.0,-1.0,-1.0,-1.0,-1.0
179,750.0,flat,True,3,1,San Fernando de Henares,good,2,False,0.5319148936170213,0.2563061705635225,1.0,1.0,1.0,1.0,1.0,1.0,1.0,1.0,1.0,1.0,1.0,1.0
180,720.0,flat,True,1,1,Madrid,good,bj,False,0.3617021276595744,0.0551823161328062,1.0,1.0,1.0,1.0,1.0,1.0,1.0,1.0,1.0,1.0,1.0,1.0
181,720.0,flat,False,3,1,Madrid,good,3,False,0.3085106382978724,0.1458529062450144,1.0,1.0,1.0,1.0,1.0,1.0,1.0,1.0,1.0,1.0,1.0,1.0
182,740.0,flat,True,3,1,Madrid,good,1,True,0.4787234042553191,0.1464201513835463,1.0,1.0,1.0,1.0,1.0,1.0,1.0,1.0,1.0,1.0,1.0,1.0
183,720.0,flat,False,2,1,Madrid,good,4,False,0.3829787234042553,0.1153634800489249,1.0,1.0,1.0,1.0,1.0,1.0,1.0,1.0,1.0,1.0,1.0,1.0
184,650.0,flat,False,1,1,Madrid,good,3,False,0.1170212765957446,0.0181518444330207,1.0,1.0,1.0,1.0,1.0,1.0,1.0,1.0,1.0,1.0,1.0,1.0
185,650.0,flat,True,2,1,Aranjuez,good,3,False,0.8085106382978723,0.7758849910481628,1.0,1.0,1.0,1.0,1.0,1.0,1.0,1.0,-1.0,-1.0,-1.0,-1.0
186,690.0,flat,True,2,1,Alcalá de Henares,good,bj,False,0.4680851063829787,0.539786928544839,1.0,1.0,1.0,1.0,1.0,1.0,1.0,1.0,1.0,1.0,1.0,1.0
187,750.0,studio,True,0,1,Madrid,good,5,True,0.0531914893617021,0.0530728732738907,1.0,1.0,1.0,1.0,1.0,1.0,1.0,1.0,1.0,1.0,1.0,1.0
188,725.0,flat,True,1,1,Madrid,good,2,True,0.2659574468085106,0.1830251892294329,1.0,1.0,1.0,1.0,1.0,1.0,1.0,1.0,1.0,1.0,1.0,1.0
189,620.0,flat,False,1,1,Pinto,good,bj,True,0.6914893617021277,0.3471540247815219,1.0,1.0,1.0,1.0,1.0,1.0,1.0,1.0,1.0,1.0,1.0,1.0
190,590.0,flat,True,1,1,Los Molinos,good,bj,False,0.3404255319148936,0.7860422243099996,1.0,1.0,1.0,1.0,1.0,1.0,1.0,1.0,-1.0,-1.0,-1.0,-1.0
191,750.0,penthouse,True,0,1,Tres Cantos,good,1,True,0.6382978723404256,0.365784482300179,1.0,1.0,1.0,1.0,1.0,1.0,1.0,1.0,1.0,1.0,1.0,1.0
192,720.0,studio,True,0,1,Madrid,good,2,True,0.1702127659574468,0.1026713700742736,1.0,1.0,1.0,1.0,1.0,1.0,1.0,1.0,1.0,1.0,1.0,1.0
193,700.0,flat,True,2,1,San Lorenzo de el Escorial,good,3,False,0.6595744680851063,0.7494726392852712,1.0,1.0,1.0,1.0,1.0,1.0,1.0,1.0,1.0,1.0,1.0,1.0
194,692.0,flat,True,2,2,Torrejón de Ardoz,newdevelopment,desconocido,True,0.6702127659574468,0.3564958431567191,1.0,1.0,1.0,1.0,1.0,1.0,1.0,1.0,1.0,1.0,1.0,1.0
195,670.0,flat,True,2,2,Torrejón de Ardoz,newdevelopment,desconocido,True,0.6276595744680851,0.3564958431567191,1.0,1.0,1.0,1.0,1.0,1.0,1.0,1.0,1.0,1.0,1.0,1.0
196,609.0,flat,True,1,1,Alcalá de Henares,newdevelopment,bj,True,0.3829787234042553,0.5318454966053925,1.0,1.0,1.0,1.0,1.0,1.0,1.0,1.0,1.0,1.0,1.0,1.0
197,718.0,flat,True,2,2,Torrejón de Ardoz,newdevelopment,desconocido,True,0.7021276595744681,0.3564958431567191,1.0,1.0,1.0,1.0,1.0,1.0,1.0,1.0,1.0,1.0,1.0,1.0
198,694.0,flat,True,2,2,Torrejón de Ardoz,newdevelopment,desconocido,True,0.648936170212766,0.3564958431567191,1.0,1.0,1.0,1.0,1.0,1.0,1.0,1.0,1.0,1.0,1.0,1.0
199,658.0,flat,True,2,2,Torrejón de Ardoz,newdevelopment,desconocido,True,0.6170212765957447,0.3564958431567191,1.0,1.0,1.0,1.0,1.0,1.0,1.0,1.0,1.0,1.0,1.0,1.0
200,750.0,flat,False,2,1,Madrid,good,2,True,0.1702127659574468,0.0609256731604417,1.0,1.0,1.0,1.0,1.0,1.0,1.0,1.0,1.0,1.0,1.0,1.0
201,723.0,flat,True,2,2,Torrejón de Ardoz,newdevelopment,desconocido,True,0.723404255319149,0.3564958431567191,1.0,1.0,1.0,1.0,1.0,1.0,1.0,1.0,1.0,1.0,1.0,1.0
202,728.0,flat,True,2,2,Torrejón de Ardoz,newdevelopment,desconocido,True,0.7553191489361702,0.3564958431567191,1.0,1.0,1.0,1.0,1.0,1.0,1.0,1.0,1.0,1.0,1.0,1.0
203,650.0,studio,True,0,1,Madrid,good,bj,False,0.0851063829787233,0.0839700069133001,1.0,1.0,1.0,1.0,1.0,1.0,1.0,1.0,1.0,1.0,1.0,1.0
204,750.0,flat,False,2,1,Alcalá de Henares,good,1,False,0.4255319148936171,0.5225745838725118,1.0,1.0,1.0,1.0,1.0,1.0,1.0,1.0,1.0,1.0,1.0,1.0
205,735.0,flat,True,3,1,Parla,good,4,False,0.4255319148936171,0.3669898782195593,1.0,1.0,1.0,1.0,1.0,1.0,1.0,1.0,1.0,1.0,1.0,1.0
206,699.0,penthouse,True,2,1,Colmenar Viejo,good,2,False,0.6170212765957447,0.4874940173364295,1.0,1.0,1.0,1.0,1.0,1.0,1.0,1.0,1.0,1.0,1.0,1.0
207,725.0,flat,True,3,1,Móstoles,good,4,False,0.5,0.3014907911297041,1.0,1.0,1.0,1.0,1.0,1.0,1.0,1.0,1.0,1.0,1.0,1.0
208,740.0,flat,True,3,2,Alcalá de Henares,good,bj,True,0.6063829787234043,0.499920231152394,1.0,1.0,1.0,1.0,1.0,1.0,1.0,1.0,1.0,1.0,1.0,1.0
209,720.0,flat,True,1,1,Collado Villalba,good,2,True,0.5638297872340425,0.6129438250048749,1.0,1.0,1.0,1.0,1.0,1.0,1.0,1.0,1.0,1.0,1.0,1.0
210,750.0,flat,True,3,1,Getafe,good,en,True,0.6276595744680851,0.2046514101359615,1.0,1.0,1.0,1.0,1.0,1.0,1.0,1.0,1.0,1.0,1.0,1.0
211,710.0,flat,True,3,1,Parla,good,4,False,0.4893617021276596,0.361707407866981,1.0,1.0,1.0,1.0,1.0,1.0,1.0,1.0,1.0,1.0,1.0,1.0
212,725.0,flat,True,2,1,Madrid,good,3,False,0.4468085106382978,0.1341002960310567,1.0,1.0,1.0,1.0,1.0,1.0,1.0,1.0,1.0,1.0,1.0,1.0
213,750.0,flat,False,1,1,Madrid,good,bj,False,0.276595744680851,0.0974420789534327,1.0,1.0,1.0,1.0,1.0,1.0,1.0,1.0,1.0,1.0,1.0,1.0
214,750.0,flat,True,2,1,Madrid,good,1,True,0.4361702127659574,0.0527892507046248,1.0,1.0,1.0,1.0,1.0,1.0,1.0,1.0,1.0,1.0,1.0,1.0
215,720.0,flat,False,2,1,Parla,good,desconocido,True,0.9574468085106383,0.376402602237073,1.0,1.0,1.0,1.0,-1.0,-1.0,-1.0,-1.0,-1.0,-1.0,-1.0,-1.0
216,720.0,flat,False,2,1,Madrid,good,bj,False,0.2978723404255319,0.0597025508304823,1.0,1.0,1.0,1.0,1.0,1.0,1.0,1.0,1.0,1.0,1.0,1.0
217,700.0,flat,False,2,1,Madrid,good,4,False,0.3936170212765957,0.1458351798344353,1.0,1.0,1.0,1.0,1.0,1.0,1.0,1.0,1.0,1.0,1.0,1.0
218,750.0,duplex,True,2,2,Cobeña,good,1,False,0.5851063829787234,0.4253097690248701,1.0,1.0,1.0,1.0,1.0,1.0,1.0,1.0,1.0,1.0,1.0,1.0
219,610.0,studio,False,0,1,Madrid,good,3,True,0.0638297872340425,0.0914682785882686,1.0,1.0,1.0,1.0,1.0,1.0,1.0,1.0,1.0,1.0,1.0,1.0
220,740.0,flat,False,2,1,Móstoles,good,4,False,0.3404255319148936,0.3074114122631308,1.0,1.0,1.0,1.0,1.0,1.0,1.0,1.0,1.0,1.0,1.0,1.0
221,715.0,flat,True,2,1,Colmenar Viejo,good,bj,True,0.4468085106382978,0.4675340790243383,1.0,1.0,1.0,1.0,1.0,1.0,1.0,1.0,1.0,1.0,1.0,1.0
222,550.0,flat,False,2,1,Aranjuez,good,bj,False,0.8724271670624579,0.6734192777941136,1.0,1.0,1.0,1.0,-1.0,-1.0,-1.0,-1.0,-1.0,-1.0,-1.0,-1.0
223,710.0,flat,True,1,1,Madrid,good,bj,False,0.1702127659574468,0.0200662967755659,1.0,1.0,1.0,1.0,1.0,1.0,1.0,1.0,1.0,1.0,1.0,1.0
224,730.0,flat,True,2,1,Madrid,good,2,False,0.3297872340425531,0.1402159076808537,1.0,1.0,1.0,1.0,1.0,1.0,1.0,1.0,1.0,1.0,1.0,1.0
225,750.0,studio,True,0,1,Madrid,good,8,True,0.0319148936170212,0.0209880701256802,1.0,1.0,1.0,1.0,1.0,1.0,1.0,1.0,1.0,1.0,1.0,1.0
226,690.0,flat,False,1,1,Madrid,good,3,True,0.1382978723404255,0.0895006470139861,1.0,1.0,1.0,1.0,1.0,1.0,1.0,1.0,1.0,1.0,1.0,1.0
227,740.0,flat,True,3,1,Parla,good,4,True,0.5638297872340425,0.3838654210908833,1.0,1.0,1.0,1.0,1.0,1.0,1.0,1.0,1.0,1.0,1.0,1.0
228,750.0,duplex,True,1,1,Madrid,good,bj,True,0.4893617021276596,0.0965025791927392,1.0,1.0,1.0,1.0,1.0,1.0,1.0,1.0,1.0,1.0,1.0,1.0
229,720.0,flat,False,3,1,Madrid,good,2,False,0.2553191489361702,0.1416871997589208,1.0,1.0,1.0,1.0,1.0,1.0,1.0,1.0,1.0,1.0,1.0,1.0
230,740.0,flat,True,2,1,Madrid,good,2,False,0.2234042553191489,0.0816123943062769,1.0,1.0,1.0,1.0,1.0,1.0,1.0,1.0,1.0,1.0,1.0,1.0
231,740.0,flat,True,1,1,Madrid,good,1,True,0.3936170212765957,0.0613156541931824,1.0,1.0,1.0,1.0,1.0,1.0,1.0,1.0,1.0,1.0,1.0,1.0
232,740.0,flat,True,2,1,Colmenar Viejo,good,1,True,0.4468085106382978,0.4734192473366068,1.0,1.0,1.0,1.0,1.0,1.0,1.0,1.0,1.0,1.0,1.0,1.0
233,700.0,flat,False,2,1,Getafe,good,4,False,0.574468085106383,0.1731338521262829,1.0,1.0,1.0,1.0,1.0,1.0,1.0,1.0,1.0,1.0,1.0,1.0
234,730.0,flat,False,1,1,Madrid,good,2,True,0.1595744680851063,0.0102281389041532,1.0,1.0,1.0,1.0,1.0,1.0,1.0,1.0,1.0,1.0,1.0,1.0
235,700.0,studio,True,0,1,Madrid,good,3,True,0.0851063829787233,0.1687022494815025,1.0,1.0,1.0,1.0,1.0,1.0,1.0,1.0,1.0,1.0,1.0,1.0
236,750.0,flat,True,2,2,Valdemoro,good,3,True,0.946808510638298,0.4302554375764451,1.0,1.0,1.0,1.0,1.0,1.0,1.0,1.0,-1.0,-1.0,-1.0,-1.0
237,749.0,flat,True,1,1,Madrid,good,2,True,0.1914893617021276,0.1120840940917873,1.0,1.0,1.0,1.0,1.0,1.0,1.0,1.0,1.0,1.0,1.0,1.0
238,700.0,studio,False,0,1,Madrid,good,bj,True,0.1063829787234042,0.0394944427702834,1.0,1.0,1.0,1.0,1.0,1.0,1.0,1.0,1.0,1.0,1.0,1.0
239,667.0,flat,True,1,1,Parla,good,8,True,0.5319148936170213,0.3722900749827167,1.0,1.0,1.0,1.0,1.0,1.0,1.0,1.0,1.0,1.0,1.0,1.0
240,725.0,flat,False,1,1,Madrid,good,1,True,0.2659574468085106,0.1810752840657295,1.0,1.0,1.0,1.0,1.0,1.0,1.0,1.0,1.0,1.0,1.0,1.0
241,550.0,penthouse,True,3,1,Robledo de Chavela,good,3,False,0.5319148936170213,0.8404445783773244,1.0,1.0,1.0,1.0,-1.0,-1.0,-1.0,-1.0,-1.0,-1.0,-1.0,-1.0
242,695.0,flat,True,3,1,Parla,good,4,False,0.3723404255319149,0.3471185719603637,1.0,1.0,1.0,1.0,1.0,1.0,1.0,1.0,1.0,1.0,1.0,1.0
243,750.0,flat,True,3,1,Campo Real,good,1,False,0.904255319148936,0.5074539556485208,1.0,1.0,1.0,1.0,1.0,1.0,1.0,1.0,1.0,1.0,1.0,1.0
244,699.0,flat,True,1,1,Madrid,good,3,True,0.3404255319148936,0.1224717706911527,1.0,1.0,1.0,1.0,1.0,1.0,1.0,1.0,1.0,1.0,1.0,1.0
245,750.0,studio,True,0,1,Madrid,good,14,True,0.1276595744680851,0.0854944782231046,1.0,1.0,1.0,1.0,1.0,1.0,1.0,1.0,1.0,1.0,1.0,1.0
246,730.0,flat,True,3,1,Collado Villalba,good,4,False,0.6382978723404256,0.6309006789215252,1.0,1.0,1.0,1.0,1.0,1.0,1.0,1.0,1.0,1.0,1.0,1.0
247,710.0,flat,True,1,1,Madrid,good,bj,False,0.1063829787234042,0.0172477974934855,1.0,1.0,1.0,1.0,1.0,1.0,1.0,1.0,1.0,1.0,1.0,1.0
248,650.0,flat,True,1,1,Madrid,good,4,True,0.4042553191489362,0.1017673231347384,1.0,1.0,1.0,1.0,1.0,1.0,1.0,1.0,1.0,1.0,1.0,1.0
249,600.0,countryHouse,False,2,2,Villaviciosa de Odón,renew,desconocido,desconocido,0.4255319148936171,0.4182192047932214,1.0,1.0,1.0,1.0,1.0,1.0,1.0,1.0,1.0,1.0,1.0,1.0
250,740.0,flat,True,2,1,Madrid,good,3,False,0.2234042553191489,0.144913406484321,1.0,1.0,1.0,1.0,1.0,1.0,1.0,1.0,1.0,1.0,1.0,1.0
251,750.0,studio,True,0,1,Madrid,good,4,False,0.1595744680851063,0.0193040611206636,1.0,1.0,1.0,1.0,1.0,1.0,1.0,1.0,1.0,1.0,1.0,1.0
252,750.0,flat,True,3,1,Alcalá de Henares,good,2,True,0.574468085106383,0.5151649442504388,1.0,1.0,1.0,1.0,1.0,1.0,1.0,1.0,1.0,1.0,1.0,1.0
253,710.0,flat,True,3,1,Alcalá de Henares,good,5,True,0.5212765957446809,0.5008951837342457,1.0,1.0,1.0,1.0,1.0,1.0,1.0,1.0,1.0,1.0,1.0,1.0
254,560.0,studio,True,0,1,Madrid,good,bj,False,0.276595744680851,0.0638682573165759,1.0,1.0,1.0,1.0,1.0,1.0,1.0,1.0,-1.0,-1.0,-1.0,-1.0
255,600.0,flat,True,1,1,Torrejón de Ardoz,good,bj,False,0.2340425531914893,0.3318738588623189,1.0,1.0,1.0,1.0,1.0,1.0,1.0,1.0,1.0,1.0,1.0,1.0
256,720.0,flat,True,1,1,Madrid,good,ss,False,0.2553191489361702,0.0603761544324889,1.0,1.0,1.0,1.0,1.0,1.0,1.0,1.0,1.0,1.0,1.0,1.0
257,750.0,flat,True,2,1,Madrid,good,desconocido,False,0.4255319148936171,0.0426851966745253,1.0,1.0,1.0,1.0,1.0,1.0,1.0,1.0,1.0,1.0,1.0,1.0
258,750.0,flat,False,1,1,Madrid,good,4,True,0.2340425531914893,0.0457164128835552,1.0,1.0,1.0,1.0,1.0,1.0,1.0,1.0,1.0,1.0,1.0,1.0
259,750.0,studio,True,0,1,Madrid,good,4,True,0.7446808510638298,0.1248825625299133,1.0,1.0,1.0,1.0,1.0,1.0,1.0,1.0,1.0,1.0,1.0,1.0
260,650.0,studio,False,0,1,Madrid,good,bj,True,0.2659574468085106,0.0642405119387375,1.0,1.0,1.0,1.0,1.0,1.0,1.0,1.0,1.0,1.0,1.0,1.0
261,650.0,flat,True,1,1,Parla,good,2,True,0.4148936170212766,0.362576001985358,1.0,1.0,1.0,1.0,1.0,1.0,1.0,1.0,1.0,1.0,1.0,1.0
262,670.0,flat,True,2,1,Arganda,good,3,True,0.5851063829787234,0.476361831492741,1.0,1.0,1.0,1.0,1.0,1.0,1.0,1.0,1.0,1.0,1.0,1.0
263,650.0,flat,True,1,1,Getafe,newdevelopment,2,True,0.2659574468085106,0.2162622090652864,1.0,1.0,1.0,1.0,1.0,1.0,1.0,1.0,1.0,1.0,1.0,1.0
264,750.0,flat,True,1,1,Madrid,good,2,True,0.1276595744680851,0.0913973729459521,1.0,1.0,1.0,1.0,1.0,1.0,1.0,1.0,1.0,1.0,1.0,1.0
265,725.0,flat,True,1,1,Madrid,desconocido,desconocido,desconocido,0.3191489361702128,0.0953858153262545,1.0,1.0,1.0,1.0,1.0,1.0,1.0,1.0,1.0,1.0,1.0,1.0
266,620.0,studio,False,0,1,Madrid,good,1,True,0.8724271670624579,0.6734192777941136,1.0,1.0,1.0,1.0,-1.0,-1.0,-1.0,-1.0,-1.0,-1.0,-1.0,-1.0
267,680.0,flat,True,1,1,Madrid,good,bj,False,0.1595744680851063,0.0553950330597557,1.0,1.0,1.0,1.0,1.0,1.0,1.0,1.0,1.0,1.0,1.0,1.0
268,750.0,flat,True,3,1,Coslada,good,bj,True,0.7127659574468085,0.2186730009040469,1.0,1.0,1.0,1.0,1.0,1.0,1.0,1.0,1.0,1.0,1.0,1.0
269,670.0,flat,True,1,1,Getafe,newdevelopment,1,True,0.351063829787234,0.2162622090652864,1.0,1.0,1.0,1.0,1.0,1.0,1.0,1.0,1.0,1.0,1.0,1.0
270,600.0,flat,True,3,1,Alcalá de Henares,desconocido,desconocido,desconocido,0.5851063829787234,0.5064967294772482,1.0,1.0,1.0,1.0,1.0,1.0,1.0,1.0,1.0,1.0,1.0,1.0
271,750.0,flat,True,2,1,Alcorcón,good,4,False,0.5319148936170213,0.2203570099090635,1.0,1.0,1.0,1.0,1.0,1.0,1.0,1.0,1.0,1.0,1.0,1.0
272,700.0,flat,True,2,1,Pozuelo de Alarcón,good,3,False,0.1702127659574468,0.1656001276301562,1.0,1.0,1.0,1.0,1.0,1.0,1.0,1.0,1.0,1.0,1.0,1.0
273,695.0,flat,False,1,1,Madrid,good,1,True,0.4042553191489362,0.0970698243312711,1.0,1.0,1.0,1.0,1.0,1.0,1.0,1.0,1.0,1.0,1.0,1.0
274,710.0,flat,True,1,1,Arganda,good,2,True,0.4893617021276596,0.4401467746795951,1.0,1.0,1.0,1.0,1.0,1.0,1.0,1.0,1.0,1.0,1.0,1.0
275,620.0,flat,True,2,1,Bustarviejo,good,2,False,0.6382978723404256,0.8703135802031448,1.0,1.0,1.0,1.0,1.0,1.0,-1.0,-1.0,-1.0,-1.0,-1.0,-1.0
276,700.0,flat,True,3,1,Collado Mediano,good,1,False,0.6382978723404256,0.7218903444241577,1.0,1.0,1.0,1.0,1.0,1.0,1.0,1.0,1.0,1.0,1.0,1.0
277,715.0,flat,True,3,1,Chinchón,good,bj,False,0.7340425531914894,0.6936876251927748,1.0,1.0,1.0,1.0,1.0,1.0,1.0,1.0,1.0,-1.0,-1.0,-1.0
278,750.0,flat,True,1,1,Madrid,good,1,True,0.3191489361702128,0.1953450445819226,1.0,1.0,1.0,1.0,1.0,1.0,1.0,1.0,1.0,1.0,1.0,1.0
279,750.0,flat,True,1,1,Madrid,good,2,True,0.2659574468085106,0.1461188024037013,1.0,1.0,1.0,1.0,1.0,1.0,1.0,1.0,1.0,1.0,1.0,1.0
280,550.0,studio,False,0,1,Madrid,good,bj,False,0.8724271670624579,0.6734192777941136,1.0,1.0,1.0,1.0,-1.0,-1.0,-1.0,-1.0,-1.0,-1.0,-1.0,-1.0
281,730.0,flat,True,1,1,Colmenar Viejo,good,desconocido,False,0.4255319148936171,0.489603460195345,1.0,1.0,1.0,1.0,1.0,1.0,1.0,1.0,1.0,1.0,1.0,1.0
282,750.0,penthouse,True,2,1,Madrid,good,4,True,0.276595744680851,0.0656940776062255,1.0,1.0,1.0,1.0,1.0,1.0,1.0,1.0,1.0,1.0,1.0,1.0
283,700.0,flat,True,1,1,Coslada,good,bj,False,0.2659574468085106,0.2429227305762856,1.0,1.0,1.0,1.0,1.0,1.0,1.0,1.0,1.0,1.0,1.0,1.0
284,680.0,flat,True,2,1,Coslada,renew,bj,True,0.6914893617021277,0.2325705067980784,1.0,1.0,1.0,1.0,1.0,1.0,1.0,1.0,1.0,1.0,1.0,1.0
285,600.0,flat,False,1,1,Madrid,good,4,False,0.0851063829787233,0.0750713488025809,1.0,1.0,1.0,1.0,1.0,1.0,1.0,1.0,1.0,1.0,1.0,1.0
286,750.0,flat,True,2,1,Colmenarejo,good,1,False,0.6382978723404256,0.546186162763902,1.0,1.0,1.0,1.0,1.0,1.0,1.0,1.0,1.0,1.0,1.0,1.0
287,700.0,flat,True,1,1,Alcorcón,good,2,True,0.4468085106382978,0.2279084608157694,1.0,1.0,1.0,1.0,1.0,1.0,1.0,1.0,1.0,1.0,1.0,1.0
288,690.0,flat,True,2,1,Madrid,good,bj,True,0.6063829787234043,0.125857515111765,1.0,1.0,1.0,1.0,1.0,1.0,1.0,1.0,1.0,1.0,1.0,1.0
289,700.0,flat,True,1,1,Madrid,good,bj,False,0.3191489361702128,0.1358020314466523,1.0,1.0,1.0,1.0,1.0,1.0,1.0,1.0,1.0,1.0,1.0,1.0
290,750.0,flat,True,2,1,Coslada,good,5,True,0.7127659574468085,0.2409019197702657,1.0,1.0,1.0,1.0,1.0,1.0,1.0,1.0,1.0,1.0,1.0,1.0
291,735.0,flat,True,1,1,Getafe,good,4,True,0.3297872340425531,0.2453335224150462,1.0,1.0,1.0,1.0,1.0,1.0,1.0,1.0,1.0,1.0,1.0,1.0
292,700.0,flat,True,3,1,Móstoles,good,5,True,0.6382978723404256,0.3118784677290695,1.0,1.0,1.0,1.0,1.0,1.0,1.0,1.0,1.0,1.0,1.0,1.0
293,725.0,flat,True,3,1,Fuenlabrada,good,desconocido,False,0.5851063829787234,0.2847570595430131,1.0,1.0,1.0,1.0,1.0,1.0,1.0,1.0,1.0,1.0,1.0,1.0
294,733.0,flat,True,2,1,Alcalá de Henares,good,2,True,0.5148936170212767,0.5026855512027371,1.0,1.0,1.0,1.0,1.0,1.0,1.0,1.0,1.0,1.0,1.0,1.0
295,750.0,flat,True,1,1,Madrid,good,bj,True,0.1702127659574468,0.0718628684877599,1.0,1.0,1.0,1.0,1.0,1.0,1.0,1.0,1.0,1.0,1.0,1.0
296,675.0,flat,True,2,1,Madrid,good,bj,False,0.5212765957446809,0.0970166450995338,1.0,1.0,1.0,1.0,1.0,1.0,1.0,1.0,1.0,1.0,1.0,1.0
297,650.0,flat,True,2,1,Guadarrama,good,2,False,0.6914893617021277,0.7601616648644817,1.0,1.0,1.0,1.0,1.0,1.0,1.0,1.0,1.0,1.0,1.0,1.0
298,730.0,flat,True,1,1,Madrid,good,bj,True,0.3404255319148936,0.1009696346586779,1.0,1.0,1.0,1.0,1.0,1.0,1.0,1.0,1.0,1.0,1.0,1.0
299,700.0,flat,True,1,1,Loeches,good,bj,True,0.8191489361702128,0.4329143991633134,1.0,1.0,1.0,1.0,1.0,1.0,1.0,1.0,1.0,1.0,1.0,1.0
300,690.0,studio,False,0,1,Madrid,good,2,True,0.1914893617021276,0.0995337954017691,1.0,1.0,1.0,1.0,1.0,1.0,1.0,1.0,1.0,1.0,1.0,1.0
301,700.0,flat,True,2,1,Guadarrama,good,1,False,0.5319148936170213,0.7619343059223939,1.0,1.0,1.0,1.0,1.0,1.0,1.0,1.0,1.0,1.0,1.0,1.0
302,600.0,duplex,True,2,2,Miraflores de la Sierra,good,2,False,0.7340425531914894,0.7851204509598853,1.0,1.0,1.0,1.0,-1.0,1.0,1.0,1.0,-1.0,-1.0,-1.0,-1.0
303,700.0,studio,False,0,1,Madrid,good,bj,False,0.0531914893617021,0.0090050165741938,1.0,1.0,1.0,1.0,1.0,1.0,1.0,1.0,1.0,1.0,1.0,1.0
304,690.0,flat,True,2,1,Sevilla la Nueva,good,bj,False,0.4255319148936171,0.5109106057114495,1.0,1.0,1.0,1.0,1.0,1.0,1.0,1.0,1.0,1.0,1.0,1.0
305,750.0,duplex,True,3,3,Serranillos del Valle,good,1,False,1.0,0.4948504777267651,1.0,1.0,1.0,1.0,-1.0,-1.0,-1.0,-1.0,-1.0,-1.0,-1.0,-1.0
306,700.0,studio,True,0,1,Madrid,good,bj,False,0.3297872340425531,0.1469164908797617,1.0,1.0,1.0,1.0,1.0,1.0,1.0,1.0,1.0,1.0,1.0,1.0
307,670.0,flat,True,1,1,Collado Villalba,good,bj,True,0.4361702127659574,0.6195912289720455,1.0,1.0,1.0,1.0,1.0,1.0,1.0,1.0,1.0,1.0,1.0,1.0
308,750.0,flat,True,2,1,Valdemoro,good,4,True,0.6382978723404256,0.4414230762412919,1.0,1.0,1.0,1.0,1.0,1.0,1.0,1.0,1.0,1.0,1.0,1.0
309,740.0,studio,True,0,1,Madrid,good,bj,True,0.1382978723404255,0.1442752557034726,1.0,1.0,1.0,1.0,1.0,1.0,1.0,1.0,1.0,1.0,1.0,1.0
310,750.0,flat,True,4,2,Colmenar Viejo,good,1,False,0.9574468085106383,0.4926701292255331,1.0,1.0,1.0,1.0,1.0,1.0,1.0,1.0,-1.0,-1.0,-1.0,-1.0
311,750.0,flat,True,2,1,Madrid,good,3,False,0.4468085106382978,0.0978497863967525,1.0,1.0,1.0,1.0,1.0,1.0,1.0,1.0,1.0,1.0,1.0,1.0
312,750.0,studio,True,0,1,San Sebastián de los Reyes,good,bj,True,0.5319148936170213,0.2852179462180703,1.0,1.0,1.0,1.0,1.0,1.0,1.0,1.0,1.0,1.0,1.0,1.0
313,650.0,studio,True,0,1,Madrid,good,bj,False,0.0851063829787233,0.0924609575806994,1.0,1.0,1.0,1.0,1.0,1.0,1.0,1.0,1.0,1.0,1.0,1.0
314,625.0,flat,True,1,1,Arganda,good,2,True,0.3297872340425531,0.4400935954478577,1.0,1.0,1.0,1.0,1.0,1.0,1.0,1.0,1.0,1.0,1.0,1.0
315,700.0,flat,True,1,1,Madrid,good,bj,True,0.1595744680851063,0.0369241132363107,1.0,1.0,1.0,1.0,1.0,1.0,1.0,1.0,1.0,1.0,1.0,1.0
316,750.0,flat,True,2,2,Colmenarejo,good,1,False,0.797872340425532,0.5420027298672292,1.0,1.0,1.0,1.0,1.0,1.0,1.0,1.0,1.0,1.0,1.0,1.0
317,600.0,studio,False,0,1,Madrid,good,bj,False,0.0531914893617021,0.0643291439916331,1.0,1.0,1.0,1.0,1.0,1.0,1.0,1.0,-1.0,1.0,1.0,1.0
318,750.0,flat,True,2,2,Getafe,good,2,True,0.7340425531914894,0.2250367823019517,1.0,1.0,1.0,1.0,1.0,1.0,1.0,1.0,1.0,1.0,1.0,1.0
319,700.0,flat,True,1,1,Valdemorillo,good,1,True,0.3723404255319149,0.564072111038236,1.0,1.0,1.0,1.0,1.0,1.0,1.0,1.0,1.0,1.0,1.0,1.0
320,750.0,flat,True,3,2,Campo Real,good,2,True,0.7446808510638298,0.5061422012656658,1.0,1.0,1.0,1.0,1.0,1.0,1.0,1.0,1.0,1.0,1.0,1.0
321,750.0,flat,True,2,1,Madrid,good,2,True,0.2978723404255319,0.117862903940581,1.0,1.0,1.0,1.0,1.0,1.0,1.0,1.0,1.0,1.0,1.0,1.0
322,625.0,flat,True,2,1,Aranjuez,good,bj,False,0.3936170212765957,0.7704607094109515,1.0,1.0,1.0,1.0,1.0,1.0,1.0,1.0,-1.0,1.0,1.0,1.0
323,750.0,flat,True,1,1,San Sebastián de los Reyes,good,1,False,0.276595744680851,0.2826298902735185,1.0,1.0,1.0,1.0,1.0,1.0,1.0,1.0,1.0,1.0,1.0,1.0
324,695.0,flat,True,1,1,Madrid,good,4,True,0.4148936170212766,0.1491145657915728,1.0,1.0,1.0,1.0,1.0,1.0,1.0,1.0,1.0,1.0,1.0,1.0
325,720.0,flat,True,2,1,Alcorcón,good,bj,False,0.4042553191489362,0.2351940155637885,1.0,1.0,1.0,1.0,1.0,1.0,1.0,1.0,1.0,1.0,1.0,1.0
326,745.0,flat,True,2,1,Alcalá de Henares,good,2,True,0.5638297872340425,0.5072766915427296,1.0,1.0,1.0,1.0,1.0,1.0,1.0,1.0,1.0,1.0,1.0,1.0
327,720.0,flat,True,2,1,Alcalá de Henares,good,2,True,0.5276595744680851,0.5041568432808041,1.0,1.0,1.0,1.0,1.0,1.0,1.0,1.0,1.0,1.0,1.0,1.0
328,750.0,flat,True,2,1,Madrid,good,1,False,0.3723404255319149,0.1290305426054278,1.0,1.0,1.0,1.0,1.0,1.0,1.0,1.0,1.0,1.0,1.0,1.0
329,720.0,studio,True,0,1,Madrid,good,1,True,0.2978723404255319,0.0997110595075603,1.0,1.0,1.0,1.0,1.0,1.0,1.0,1.0,1.0,1.0,1.0,1.0
330,725.0,studio,False,0,1,Madrid,good,8,True,0.2553191489361702,0.0169641749242195,1.0,1.0,1.0,1.0,1.0,1.0,1.0,1.0,1.0,1.0,1.0,1.0
331,750.0,flat,False,2,1,Madrid,good,5,True,0.6382978723404256,0.1387623420133657,1.0,1.0,1.0,1.0,1.0,1.0,1.0,1.0,1.0,1.0,1.0,1.0
332,640.0,flat,True,2,1,Villalbilla,good,2,True,0.5212765957446809,0.5163348873486608,1.0,1.0,1.0,1.0,1.0,1.0,1.0,1.0,1.0,1.0,1.0,1.0
333,700.0,flat,True,1,1,Getafe,good,1,True,0.3617021276595744,0.2033751085742648,1.0,1.0,1.0,1.0,1.0,1.0,1.0,1.0,1.0,1.0,1.0,1.0
334,700.0,flat,True,1,1,Madrid,good,6,True,0.4148936170212766,0.130218212114229,1.0,1.0,1.0,1.0,1.0,1.0,1.0,1.0,1.0,1.0,1.0,1.0
335,700.0,flat,True,2,1,Alcalá de Henares,good,1,False,0.5851063829787234,0.5349121656355805,1.0,1.0,1.0,1.0,1.0,1.0,1.0,1.0,1.0,1.0,1.0,1.0
336,695.0,flat,False,2,1,Alcobendas,good,3,False,0.4468085106382978,0.2655239040646659,1.0,1.0,1.0,1.0,1.0,1.0,1.0,1.0,1.0,1.0,1.0,1.0
