,price,rooms,municipality,status,floor,hasLift,size_MinMax,distance_MinMax,propertyType_chalet,propertyType_countryHouse,propertyType_duplex,propertyType_flat,propertyType_penthouse,propertyType_studio,exterior_False,exterior_True,bathrooms_1,bathrooms_2,bathrooms_3
0,750.0,689.5390471579225,706.8106482790962,701.970873786407,701.7385556407845,705.692305461913,0.4255319148936171,0.121496818109301,0.0,0.0,0.0,1.0,0.0,0.0,0.0,1.0,1.0,0.0,0.0
1,750.0,704.5562854110732,706.3623985353242,701.970873786407,678.7988667568208,696.3333379576432,0.5319148936170213,0.2829489656639427,0.0,0.0,0.0,1.0,0.0,0.0,0.0,1.0,1.0,0.0,0.0
2,684.0,695.0776273114345,706.8106482790962,686.9905878074868,682.8892293349359,681.6670657879246,0.2659574468085106,0.1856486979951429,0.0,0.0,0.0,0.0,0.0,1.0,0.0,1.0,1.0,0.0,0.0
3,600.0,704.5562854110732,686.2018620137912,701.970873786407,701.7385556407845,696.3333379576432,0.5638297872340425,0.6537322957474342,0.0,0.0,0.0,1.0,0.0,0.0,0.0,1.0,1.0,0.0,0.0
4,600.0,689.5390471579225,687.6498585485582,701.970873786407,710.5365065594968,696.3333379576432,0.5425531914893618,0.7789516600783508,0.0,0.0,1.0,0.0,0.0,0.0,0.0,1.0,1.0,0.0,0.0
5,550.0,689.5390471579225,706.8106482790962,701.970873786407,710.5365065594968,696.3333379576432,0.8724271670624579,0.6734192777941136,0.0,0.0,0.0,1.0,0.0,0.0,0.0,1.0,1.0,0.0,0.0
6,700.0,695.0776273114345,706.8106482790962,701.970873786407,710.5365065594968,696.3333379576432,0.0851063829787233,0.0954744473791501,0.0,0.0,0.0,0.0,0.0,1.0,0.0,1.0,1.0,0.0,0.0
7,700.0,704.5562854110732,699.2127094500911,701.970873786407,701.7385556407845,705.692305461913,0.7021276595744681,0.5489869356354032,0.0,0.0,1.0,0.0,0.0,0.0,0.0,1.0,1.0,0.0,0.0
8,700.0,689.5390471579225,706.8106482790962,701.970873786407,702.9283352403625,696.3333379576432,0.2659574468085106,0.0330243029089039,0.0,0.0,0.0,1.0,0.0,0.0,1.0,0.0,1.0,0.0,0.0
9,550.0,704.5562854110732,688.9581124174473,701.970873786407,695.1528188869772,696.3333379576432,0.3617021276595744,0.4617729955861238,0.0,0.0,0.0,1.0,0.0,0.0,0.0,1.0,1.0,0.0,0.0
10,695.0,704.5562854110732,706.3623985353242,701.970873786407,710.5365065594968,696.3333379576432,0.4680851063829787,0.2758938542534522,0.0,0.0,0.0,1.0,0.0,0.0,0.0,1.0,1.0,0.0,0.0
11,650.0,704.5562854110732,695.6770603946825,701.970873786407,678.7988667568208,696.3333379576432,0.5106382978723404,0.7485331395245778,0.0,0.0,0.0,1.0,0.0,0.0,0.0,1.0,1.0,0.0,0.0
12,700.0,689.5390471579225,706.8106482790962,701.970873786407,710.5365065594968,705.692305461913,0.1063829787234042,0.0543137220144293,0.0,0.0,0.0,1.0,0.0,0.0,1.0,0.0,1.0,0.0,0.0
13,700.0,689.5390471579225,706.8106482790962,701.970873786407,710.5365065594968,696.3333379576432,0.1595744680851063,0.0303298885008774,0.0,0.0,0.0,1.0,0.0,0.0,1.0,0.0,1.0,0.0,0.0
14,700.0,689.5390471579225,706.8106482790962,701.970873786407,705.544032472127,705.692305461913,0.2446808510638297,0.0754967826564798,0.0,0.0,0.0,1.0,0.0,0.0,0.0,1.0,1.0,0.0,0.0
15,650.0,704.5562854110732,706.8106482790962,701.970873786407,710.5365065594968,696.3333379576432,0.4255319148936171,0.0673958130218212,0.0,0.0,0.0,1.0,0.0,0.0,0.0,1.0,1.0,0.0,0.0
16,700.0,710.948085191854,690.7221836842307,701.970873786407,678.7988667568208,696.3333379576432,0.904255319148936,0.7767713115771189,0.0,0.0,0.0,1.0,0.0,0.0,0.0,1.0,0.0,1.0,0.0
17,695.0,689.5390471579225,706.8106482790962,701.970873786407,712.0699594988107,705.692305461913,0.2127659574468085,0.0370127452892063,0.0,0.0,0.0,1.0,0.0,0.0,1.0,0.0,1.0,0.0,0.0
18,675.0,689.5390471579225,697.4841470922099,701.970873786407,678.7988667568208,696.3333379576432,0.2127659574468085,0.4143193944658146,0.0,0.0,0.0,1.0,0.0,0.0,0.0,1.0,1.0,0.0,0.0
19,750.0,695.0776273114345,706.8106482790962,701.970873786407,678.7988667568208,705.692305461913,0.2659574468085106,0.0149610905287788,0.0,0.0,0.0,0.0,0.0,1.0,1.0,0.0,1.0,0.0,0.0
20,750.0,710.948085191854,690.7221836842307,701.970873786407,710.5365065594968,705.692305461913,0.8404255319148936,0.7677131157711876,0.0,0.0,0.0,1.0,0.0,0.0,0.0,1.0,0.0,1.0,0.0
21,680.0,689.5390471579225,706.8106482790962,701.970873786407,710.5365065594968,705.692305461913,0.1914893617021276,0.0426851966745253,0.0,0.0,0.0,1.0,0.0,0.0,1.0,0.0,1.0,0.0,0.0
22,750.0,689.5390471579225,706.8106482790962,701.970873786407,710.5365065594968,705.692305461913,0.3297872340425531,0.207629447113254,0.0,0.0,0.0,1.0,0.0,0.0,0.0,1.0,1.0,0.0,0.0
23,750.0,689.5390471579225,705.7181331682409,701.970873786407,705.544032472127,696.3333379576432,0.4255319148936171,0.3746122347685817,0.0,0.0,0.0,0.0,1.0,0.0,0.0,1.0,1.0,0.0,0.0
24,750.0,695.0776273114345,706.8106482790962,701.970873786407,712.0699594988107,705.692305461913,0.0531914893617021,0.0062042437026926,0.0,0.0,0.0,0.0,0.0,1.0,1.0,0.0,1.0,0.0,0.0
25,750.0,689.5390471579225,706.8106482790962,701.970873786407,710.5365065594968,696.3333379576432,0.2127659574468085,0.032013897505894,0.0,0.0,0.0,1.0,0.0,0.0,1.0,0.0,1.0,0.0,0.0
26,650.0,704.5562854110732,706.8106482790962,701.970873786407,710.5365065594968,696.3333379576432,0.4468085106382978,0.135748852214915,0.0,0.0,0.0,1.0,0.0,0.0,0.0,1.0,1.0,0.0,0.0
27,750.0,695.0776273114345,706.8106482790962,701.970873786407,701.7385556407845,696.3333379576432,0.1063829787234042,0.0133302607554996,0.0,0.0,0.0,0.0,0.0,1.0,0.0,1.0,1.0,0.0,0.0
28,750.0,689.5390471579225,706.8106482790962,701.970873786407,702.9283352403625,696.3333379576432,0.202127659574468,0.0328470388031127,0.0,0.0,0.0,1.0,0.0,0.0,1.0,0.0,1.0,0.0,0.0
29,700.0,704.5562854110732,706.8106482790962,701.970873786407,701.7385556407845,696.3333379576432,0.4468085106382978,0.1472887455019233,0.0,0.0,0.0,1.0,0.0,0.0,0.0,1.0,1.0,0.0,0.0
30,747.0,710.948085191854,699.010560419844,701.970873786407,710.5365065594968,705.692305461913,0.8085106382978723,0.4684735787850318,0.0,0.0,0.0,1.0,0.0,0.0,0.0,1.0,0.0,1.0,0.0
31,640.0,695.0776273114345,706.8106482790962,701.970873786407,710.5365065594968,705.692305461913,0.1595744680851063,0.126584297945509,0.0,0.0,0.0,0.0,0.0,1.0,0.0,1.0,1.0,0.0,0.0
32,750.0,689.5390471579225,706.8106482790962,701.970873786407,705.7181331682409,705.692305461913,0.1063829787234042,0.0345665006292875,0.0,0.0,0.0,1.0,0.0,0.0,1.0,0.0,1.0,0.0,0.0
33,750.0,704.5562854110732,702.3917346259143,701.970873786407,705.544032472127,705.692305461913,0.5319148936170213,0.5055572297165547,0.0,0.0,0.0,1.0,0.0,0.0,0.0,1.0,1.0,0.0,0.0
34,625.0,704.5562854110732,689.4545738728663,701.970873786407,705.544032472127,696.3333379576432,0.3404255319148936,0.7137007427366033,0.0,0.0,0.0,1.0,0.0,0.0,0.0,1.0,1.0,0.0,0.0
35,700.0,695.0776273114345,706.8106482790962,701.970873786407,701.7385556407845,705.692305461913,0.2127659574468085,0.022122560402744,0.0,0.0,0.0,0.0,0.0,1.0,0.0,1.0,1.0,0.0,0.0
36,750.0,695.0776273114345,706.8106482790962,701.970873786407,695.1528188869772,705.692305461913,0.2127659574468085,0.0396008012337581,0.0,0.0,0.0,0.0,0.0,1.0,0.0,1.0,1.0,0.0,0.0
37,650.0,689.5390471579225,706.8106482790962,701.970873786407,705.544032472127,705.692305461913,0.1595744680851063,0.0166273731232162,0.0,0.0,0.0,1.0,0.0,0.0,1.0,0.0,1.0,0.0,0.0
38,720.0,710.948085191854,702.3917346259143,701.970873786407,705.544032472127,696.3333379576432,0.5319148936170213,0.512576888305887,0.0,0.0,0.0,1.0,0.0,0.0,0.0,1.0,1.0,0.0,0.0
39,699.0,689.5390471579225,706.8106482790962,701.970873786407,701.7385556407845,705.692305461913,0.3404255319148936,0.1224717706911527,0.0,0.0,0.0,1.0,0.0,0.0,0.0,1.0,1.0,0.0,0.0
40,750.0,704.5562854110732,690.7391638502289,701.970873786407,682.8892293349359,705.692305461913,0.4787234042553191,0.2286352436495134,0.0,0.0,0.0,1.0,0.0,0.0,0.0,1.0,1.0,0.0,0.0
41,695.0,704.5562854110732,701.9964415655847,701.970873786407,682.8892293349359,705.692305461913,0.4787234042553191,0.2432240795561307,0.0,0.0,0.0,1.0,0.0,0.0,0.0,1.0,1.0,0.0,0.0
42,750.0,704.5562854110732,697.5959787532945,701.970873786407,682.8892293349359,705.692305461913,0.6170212765957447,0.3463031570737241,0.0,0.0,0.0,1.0,0.0,0.0,0.0,1.0,0.0,1.0,0.0
43,620.0,704.5562854110732,706.8106482790962,701.970873786407,682.8892293349359,696.3333379576432,0.4255319148936171,0.138230549695992,0.0,0.0,0.0,1.0,0.0,0.0,0.0,1.0,1.0,0.0,0.0
44,550.0,689.5390471579225,690.7391638502289,701.970873786407,682.8892293349359,696.3333379576432,0.8724271670624579,0.6734192777941136,0.0,0.0,0.0,1.0,0.0,0.0,0.0,1.0,1.0,0.0,0.0
45,750.0,689.5390471579225,706.8106482790962,701.970873786407,701.7385556407845,705.692305461913,0.276595744680851,0.0229202488788045,0.0,0.0,0.0,1.0,0.0,0.0,1.0,0.0,1.0,0.0,0.0
46,680.0,695.0776273114345,706.8106482790962,701.970873786407,678.7988667568208,696.3333379576432,0.3723404255319149,0.0871075815858046,0.0,0.0,0.0,0.0,0.0,1.0,0.0,1.0,1.0,0.0,0.0
47,700.0,689.5390471579225,699.2127094500911,686.9905878074868,682.8892293349359,681.6670657879246,0.3191489361702128,0.5649229787460338,0.0,0.0,0.0,1.0,0.0,0.0,0.0,1.0,0.0,1.0,0.0
48,750.0,689.5390471579225,706.8106482790962,686.9905878074868,682.8892293349359,681.6670657879246,0.1595744680851063,0.0684948504777267,0.0,0.0,1.0,0.0,0.0,0.0,0.0,1.0,1.0,0.0,0.0
49,750.0,704.5562854110732,703.2303101041684,701.970873786407,710.5365065594968,705.692305461913,0.4893617021276596,0.2327123180827114,0.0,0.0,0.0,1.0,0.0,0.0,0.0,1.0,1.0,0.0,0.0
50,650.0,689.5390471579225,702.3917346259143,701.970873786407,695.1528188869772,705.692305461913,0.4787234042553191,0.5186215943133675,0.0,0.0,0.0,1.0,0.0,0.0,0.0,1.0,1.0,0.0,0.0
51,600.0,689.5390471579225,690.9363487011881,701.970873786407,682.8892293349359,705.692305461913,0.3191489361702128,0.4298122773119671,0.0,0.0,0.0,1.0,0.0,0.0,0.0,1.0,1.0,0.0,0.0
52,650.0,689.5390471579225,700.7576087111507,701.970873786407,705.544032472127,705.692305461913,0.4361702127659574,0.6151596263272651,0.0,0.0,0.0,1.0,0.0,0.0,0.0,1.0,1.0,0.0,0.0
53,650.0,704.5562854110732,703.2303101041684,701.970873786407,701.7385556407845,696.3333379576432,0.4787234042553191,0.2012656657153493,0.0,0.0,0.0,1.0,0.0,0.0,1.0,0.0,1.0,0.0,0.0
54,700.0,689.5390471579225,706.8106482790962,701.970873786407,701.7385556407845,696.3333379576432,0.2659574468085106,0.2151631716093808,0.0,0.0,0.0,1.0,0.0,0.0,0.0,1.0,1.0,0.0,0.0
55,625.0,704.5562854110732,700.6830665534904,701.970873786407,678.7988667568208,696.3333379576432,0.4468085106382978,0.203552372680056,0.0,0.0,0.0,1.0,0.0,0.0,0.0,1.0,1.0,0.0,0.0
56,595.0,689.5390471579225,706.8106482790962,701.970873786407,678.7988667568208,696.3333379576432,0.2659574468085106,0.0772871501249712,0.0,0.0,0.0,1.0,0.0,0.0,0.0,1.0,1.0,0.0,0.0
57,650.0,689.5390471579225,706.8106482790962,701.970873786407,712.0699594988107,705.692305461913,0.3723404255319149,0.1827947458919043,0.0,0.0,0.0,1.0,0.0,0.0,0.0,1.0,1.0,0.0,0.0
58,725.0,689.5390471579225,706.8106482790962,701.970873786407,705.544032472127,705.692305461913,0.3191489361702128,0.1333912396078918,0.0,0.0,0.0,1.0,0.0,0.0,0.0,1.0,1.0,0.0,0.0
59,750.0,710.948085191854,702.3917346259143,701.970873786407,703.1105634699142,705.692305461913,0.797872340425532,0.501657419389148,0.0,0.0,0.0,1.0,0.0,0.0,0.0,1.0,1.0,0.0,0.0
60,700.0,689.5390471579225,706.8106482790962,701.970873786407,710.5365065594968,705.692305461913,0.1063829787234042,0.2103415879318597,0.0,0.0,0.0,0.0,1.0,0.0,0.0,1.0,1.0,0.0,0.0
61,700.0,689.5390471579225,706.8106482790962,701.970873786407,701.7385556407845,696.3333379576432,0.0744680851063829,0.0214135039795791,0.0,0.0,0.0,1.0,0.0,0.0,1.0,0.0,1.0,0.0,0.0
62,650.0,704.5562854110732,702.3917346259143,701.970873786407,710.5365065594968,705.692305461913,0.4148936170212766,0.5385106269831422,0.0,0.0,0.0,1.0,0.0,0.0,0.0,1.0,1.0,0.0,0.0
63,550.0,689.5390471579225,679.6964382956414,701.970873786407,701.7385556407845,705.692305461913,0.8724271670624579,0.6734192777941136,0.0,0.0,0.0,1.0,0.0,0.0,0.0,1.0,1.0,0.0,0.0
64,650.0,689.5390471579225,706.8106482790962,701.970873786407,712.0699594988107,705.692305461913,0.3723404255319149,0.1792671901866591,0.0,0.0,0.0,1.0,0.0,0.0,0.0,1.0,1.0,0.0,0.0
65,750.0,704.5562854110732,706.8106482790962,701.970873786407,682.8892293349359,705.692305461913,0.4787234042553191,0.0956694378955205,0.0,0.0,0.0,1.0,0.0,0.0,0.0,1.0,1.0,0.0,0.0
66,725.0,704.5562854110732,706.8106482790962,701.970873786407,682.8892293349359,705.692305461913,0.5319148936170213,0.0697356992182652,0.0,0.0,0.0,1.0,0.0,0.0,0.0,1.0,1.0,0.0,0.0
67,700.0,689.5390471579225,702.3917346259143,701.970873786407,710.5365065594968,696.3333379576432,0.6382978723404256,0.51897612252495,0.0,0.0,0.0,1.0,0.0,0.0,0.0,1.0,1.0,0.0,0.0
68,650.0,689.5390471579225,706.8106482790962,701.970873786407,678.7988667568208,705.692305461913,0.2127659574468085,0.213443709783206,0.0,0.0,0.0,1.0,0.0,0.0,0.0,1.0,1.0,0.0,0.0
69,695.0,710.948085191854,706.8106482790962,701.970873786407,682.8892293349359,696.3333379576432,0.7446808510638298,0.1337634942300533,0.0,0.0,0.0,1.0,0.0,0.0,0.0,1.0,1.0,0.0,0.0
70,750.0,689.5390471579225,706.8106482790962,701.970873786407,682.8892293349359,696.3333379576432,0.3723404255319149,0.1034158793185967,0.0,0.0,0.0,1.0,0.0,0.0,0.0,1.0,1.0,0.0,0.0
71,650.0,704.5562854110732,706.8106482790962,701.970873786407,682.8892293349359,705.692305461913,0.4787234042553191,0.1307500044316026,0.0,0.0,0.0,1.0,0.0,0.0,0.0,1.0,1.0,0.0,0.0
72,666.0,689.5390471579225,697.4841470922099,701.970873786407,710.5365065594968,705.692305461913,0.5319148936170213,0.4374700866821477,0.0,0.0,0.0,1.0,0.0,0.0,0.0,1.0,0.0,1.0,0.0
73,750.0,704.5562854110732,702.3917346259143,701.970873786407,682.8892293349359,705.692305461913,0.6170212765957447,0.5281229503837769,0.0,0.0,0.0,1.0,0.0,0.0,0.0,1.0,0.0,1.0,0.0
74,630.0,710.948085191854,690.1051162446812,701.970873786407,682.8892293349359,705.692305461913,0.574468085106383,0.6434687040221226,0.0,0.0,0.0,1.0,0.0,0.0,0.0,1.0,1.0,0.0,0.0
75,635.0,695.0776273114345,690.7391638502289,701.970873786407,705.544032472127,705.692305461913,0.3723404255319149,0.2542853597575027,0.0,0.0,0.0,0.0,0.0,1.0,0.0,1.0,1.0,0.0,0.0
76,725.0,704.5562854110732,700.7576087111507,701.970873786407,710.5365065594968,705.692305461913,0.5212765957446809,0.6329923953698616,0.0,0.0,0.0,1.0,0.0,0.0,0.0,1.0,1.0,0.0,0.0
77,750.0,689.5390471579225,706.8106482790962,701.970873786407,710.5365065594968,696.3333379576432,0.1595744680851063,0.0119830535514863,0.0,0.0,0.0,1.0,0.0,0.0,1.0,0.0,1.0,0.0,0.0
78,690.0,704.5562854110732,706.8106482790962,701.970873786407,701.7385556407845,696.3333379576432,0.4787234042553191,0.0804956304397922,0.0,0.0,0.0,1.0,0.0,0.0,0.0,1.0,1.0,0.0,0.0
79,700.0,695.0776273114345,706.8106482790962,701.970873786407,705.544032472127,705.692305461913,0.1063829787234042,0.0152092602768865,0.0,0.0,0.0,0.0,0.0,1.0,1.0,0.0,1.0,0.0,0.0
80,730.0,710.948085191854,701.3645426202124,701.970873786407,710.5365065594968,696.3333379576432,0.4680851063829787,0.355449984932551,0.0,0.0,0.0,1.0,0.0,0.0,0.0,1.0,1.0,0.0,0.0
81,750.0,689.5390471579225,706.8106482790962,701.970873786407,710.5365065594968,705.692305461913,0.3297872340425531,0.0576640136138833,0.0,0.0,0.0,1.0,0.0,0.0,0.0,1.0,1.0,0.0,0.0
82,750.0,689.5390471579225,706.3158902622191,701.970873786407,712.0699594988107,705.692305461913,0.2978723404255319,0.3606083704110754,0.0,0.0,0.0,1.0,0.0,0.0,1.0,0.0,1.0,0.0,0.0
83,690.0,689.5390471579225,706.8106482790962,701.970873786407,682.8892293349359,696.3333379576432,0.1595744680851063,0.0818782904649637,0.0,0.0,0.0,1.0,0.0,0.0,0.0,1.0,1.0,0.0,0.0
84,750.0,710.948085191854,703.2303101041684,701.970873786407,712.0699594988107,705.692305461913,0.574468085106383,0.2275007533724496,0.0,0.0,0.0,1.0,0.0,0.0,0.0,1.0,1.0,0.0,0.0
85,700.0,689.5390471579225,706.8106482790962,701.970873786407,678.7988667568208,696.3333379576432,0.1595744680851063,0.0118589686774325,0.0,0.0,1.0,0.0,0.0,0.0,0.0,1.0,1.0,0.0,0.0
86,720.0,689.5390471579225,706.8106482790962,701.970873786407,712.0699594988107,705.692305461913,0.2340425531914893,0.1444702462198429,0.0,0.0,0.0,1.0,0.0,0.0,0.0,1.0,1.0,0.0,0.0
87,595.0,689.5390471579225,685.5513196419763,701.970873786407,710.5365065594968,696.3333379576432,0.3723404255319149,0.52321273465336,0.0,0.0,0.0,1.0,0.0,0.0,0.0,1.0,1.0,0.0,0.0
88,700.0,689.5390471579225,706.8106482790962,701.970873786407,710.5365065594968,696.3333379576432,0.2659574468085106,0.0164855618385833,0.0,0.0,0.0,1.0,0.0,0.0,1.0,0.0,1.0,0.0,0.0
89,700.0,704.5562854110732,690.7221836842307,701.970873786407,710.5365065594968,696.3333379576432,0.5851063829787234,0.7752113874461561,0.0,0.0,0.0,1.0,0.0,0.0,0.0,1.0,1.0,0.0,0.0
90,675.0,704.5562854110732,687.6498585485582,701.970873786407,705.544032472127,696.3333379576432,0.7127659574468085,0.7856345168666797,0.0,0.0,1.0,0.0,0.0,0.0,0.0,1.0,0.0,1.0,0.0
91,650.0,689.5390471579225,692.7072857319412,701.970873786407,678.7988667568208,696.3333379576432,0.2659574468085106,0.6657685285306579,0.0,0.0,0.0,1.0,0.0,0.0,0.0,1.0,1.0,0.0,0.0
92,750.0,695.0776273114345,706.8106482790962,701.970873786407,705.544032472127,705.692305461913,0.3723404255319149,0.0130289117756545,0.0,0.0,0.0,0.0,0.0,1.0,0.0,1.0,1.0,0.0,0.0
93,720.0,695.0776273114345,706.3623985353242,701.970873786407,702.9283352403625,705.692305461913,0.2659574468085106,0.2703277613316079,0.0,0.0,0.0,0.0,0.0,1.0,0.0,1.0,1.0,0.0,0.0
94,624.0,689.5390471579225,690.9363487011881,691.5338629270304,682.8892293349359,705.692305461913,0.2659574468085106,0.4235548543775371,0.0,0.0,0.0,1.0,0.0,0.0,0.0,1.0,1.0,0.0,0.0
95,633.0,689.5390471579225,690.9363487011881,691.5338629270304,682.8892293349359,705.692305461913,0.2659574468085106,0.4235548543775371,0.0,0.0,0.0,1.0,0.0,0.0,0.0,1.0,1.0,0.0,0.0
96,640.0,695.0776273114345,706.8106482790962,701.970873786407,705.544032472127,705.692305461913,0.1382978723404255,0.1950968748338149,0.0,0.0,0.0,0.0,0.0,1.0,0.0,1.0,1.0,0.0,0.0
97,645.0,704.5562854110732,690.7221836842307,701.970873786407,705.544032472127,705.692305461913,0.6808510638297872,0.7736514633151934,0.0,0.0,0.0,1.0,0.0,0.0,0.0,1.0,0.0,1.0,0.0
98,750.0,689.5390471579225,706.8106482790962,701.970873786407,701.7385556407845,696.3333379576432,0.276595744680851,0.0157055997731019,0.0,0.0,0.0,1.0,0.0,0.0,1.0,0.0,1.0,0.0,0.0
99,735.0,695.0776273114345,706.8106482790962,701.970873786407,710.5365065594968,705.692305461913,0.1595744680851063,0.1933065073653236,0.0,0.0,0.0,0.0,0.0,1.0,0.0,1.0,1.0,0.0,0.0
100,600.0,689.5390471579225,686.2018620137912,686.9905878074868,682.8892293349359,681.6670657879246,0.3723404255319149,0.4432666229415206,0.0,0.0,0.0,1.0,0.0,0.0,0.0,1.0,1.0,0.0,0.0
101,750.0,710.948085191854,706.8106482790962,701.970873786407,682.8892293349359,696.3333379576432,0.5851063829787234,0.1436371049226242,0.0,0.0,0.0,1.0,0.0,0.0,0.0,1.0,1.0,0.0,0.0
102,600.0,689.5390471579225,706.8106482790962,701.970873786407,702.9283352403625,705.692305461913,0.0531914893617021,0.0,0.0,0.0,0.0,0.0,1.0,0.0,0.0,1.0,1.0,0.0,0.0
103,705.0,689.5390471579225,706.8106482790962,701.970873786407,712.0699594988107,705.692305461913,0.2978723404255319,0.2001134490277064,0.0,0.0,0.0,1.0,0.0,0.0,0.0,1.0,1.0,0.0,0.0
104,650.0,704.5562854110732,694.0859112603721,701.970873786407,701.7385556407845,696.3333379576432,0.4468085106382978,0.7630510697888785,0.0,0.0,0.0,1.0,0.0,0.0,0.0,1.0,1.0,0.0,0.0
105,700.0,704.5562854110732,703.0963850569117,701.970873786407,710.5365065594968,696.3333379576432,0.4361702127659574,0.4207186286848776,0.0,0.0,1.0,0.0,0.0,0.0,0.0,1.0,1.0,0.0,0.0
106,650.0,695.0776273114345,706.8106482790962,701.970873786407,695.1528188869772,705.692305461913,0.2127659574468085,0.0869480438905925,0.0,0.0,0.0,0.0,0.0,1.0,1.0,0.0,1.0,0.0,0.0
107,700.0,689.5390471579225,706.8106482790962,701.970873786407,678.7988667568208,696.3333379576432,0.2127659574468085,0.0512825058053994,0.0,0.0,0.0,1.0,0.0,0.0,0.0,1.0,1.0,0.0,0.0
108,730.0,704.5562854110732,706.8106482790962,701.970873786407,712.0699594988107,696.3333379576432,0.3297872340425531,0.1167106872529381,0.0,0.0,0.0,1.0,0.0,0.0,0.0,1.0,1.0,0.0,0.0
109,750.0,704.5562854110732,706.8106482790962,701.970873786407,701.7385556407845,696.3333379576432,0.3191489361702128,0.1444347933986847,0.0,0.0,0.0,1.0,0.0,0.0,0.0,1.0,1.0,0.0,0.0
110,680.0,704.5562854110732,697.5959787532945,701.970873786407,701.7385556407845,696.3333379576432,0.3829787234042553,0.3388403382199138,0.0,0.0,0.0,1.0,0.0,0.0,0.0,1.0,1.0,0.0,0.0
111,710.0,710.948085191854,701.3645426202124,701.970873786407,712.0699594988107,696.3333379576432,0.6170212765957447,0.3799478843528974,0.0,0.0,0.0,1.0,0.0,0.0,0.0,1.0,1.0,0.0,0.0
112,720.0,704.5562854110732,706.8106482790962,701.970873786407,710.5365065594968,696.3333379576432,0.2872340425531915,0.1224008650488362,0.0,0.0,0.0,1.0,0.0,0.0,0.0,1.0,1.0,0.0,0.0
113,750.0,695.0776273114345,706.8106482790962,701.970873786407,682.8892293349359,705.692305461913,0.2446808510638297,0.0912732880718983,0.0,0.0,0.0,0.0,0.0,1.0,0.0,1.0,1.0,0.0,0.0
114,695.0,695.0776273114345,706.8106482790962,701.970873786407,682.8892293349359,705.692305461913,0.2127659574468085,0.2161381241912325,0.0,0.0,0.0,0.0,0.0,1.0,0.0,1.0,1.0,0.0,0.0
115,630.0,689.5390471579225,690.1051162446812,686.9905878074868,682.8892293349359,681.6670657879246,0.3617021276595744,0.5716590147661,0.0,0.0,0.0,1.0,0.0,0.0,0.0,1.0,0.0,1.0,0.0
116,750.0,710.948085191854,705.7181331682409,701.970873786407,682.8892293349359,705.692305461913,0.7446808510638298,0.4647510325634162,0.0,0.0,0.0,1.0,0.0,0.0,0.0,1.0,1.0,0.0,0.0
117,730.0,689.5390471579225,706.8106482790962,701.970873786407,705.544032472127,705.692305461913,0.3191489361702128,0.1512771878822257,0.0,0.0,0.0,1.0,0.0,0.0,0.0,1.0,1.0,0.0,0.0
118,600.0,710.948085191854,690.9363487011881,701.970873786407,682.8892293349359,705.692305461913,0.7446808510638298,0.4431425380674667,0.0,0.0,0.0,1.0,0.0,0.0,0.0,1.0,1.0,0.0,0.0
119,650.0,695.0776273114345,706.8106482790962,701.970873786407,678.7988667568208,705.692305461913,0.2659574468085106,0.0970166450995338,0.0,0.0,0.0,0.0,0.0,1.0,0.0,1.0,1.0,0.0,0.0
120,750.0,689.5390471579225,706.8106482790962,701.970873786407,678.7988667568208,705.692305461913,0.1914893617021276,0.0050874798362079,0.0,0.0,0.0,1.0,0.0,0.0,1.0,0.0,1.0,0.0,0.0
121,730.0,689.5390471579225,702.9823902370576,701.970873786407,682.8892293349359,705.692305461913,0.3191489361702128,0.28764646446741,0.0,0.0,0.0,1.0,0.0,0.0,0.0,1.0,1.0,0.0,0.0
122,735.0,695.0776273114345,706.8106482790962,701.970873786407,705.544032472127,705.692305461913,0.1063829787234042,0.1950791484232358,0.0,0.0,0.0,0.0,0.0,1.0,0.0,1.0,1.0,0.0,0.0
123,610.0,689.5390471579225,692.0263743925917,701.970873786407,678.7988667568208,705.692305461913,0.5531914893617021,0.3432010352223778,0.0,0.0,0.0,1.0,0.0,0.0,1.0,0.0,1.0,0.0,0.0
124,580.0,710.948085191854,683.5996925265313,701.970873786407,682.8892293349359,681.6670657879246,0.3617021276595744,0.6890255792104657,1.0,0.0,0.0,0.0,0.0,0.0,1.0,0.0,0.0,1.0,0.0
125,725.0,689.5390471579225,697.4841470922099,701.970873786407,695.1528188869772,696.3333379576432,0.3191489361702128,0.4184141953095918,0.0,0.0,0.0,1.0,0.0,0.0,0.0,1.0,1.0,0.0,0.0
126,750.0,689.5390471579225,706.8106482790962,701.970873786407,710.5365065594968,696.3333379576432,0.2978723404255319,0.0868948646588552,0.0,0.0,0.0,1.0,0.0,0.0,0.0,1.0,1.0,0.0,0.0
127,750.0,710.948085191854,702.3917346259143,701.970873786407,705.544032472127,696.3333379576432,0.5319148936170213,0.5225214046407743,0.0,0.0,0.0,1.0,0.0,0.0,0.0,1.0,1.0,0.0,0.0
128,750.0,689.5390471579225,706.8106482790962,701.970873786407,705.7181331682409,705.692305461913,0.3085106382978724,0.146810132416287,0.0,0.0,0.0,1.0,0.0,0.0,0.0,1.0,1.0,0.0,0.0
129,730.0,710.948085191854,701.3645426202124,701.970873786407,701.7385556407845,696.3333379576432,0.4255319148936171,0.3680889156754648,0.0,0.0,0.0,1.0,0.0,0.0,0.0,1.0,1.0,0.0,0.0
130,560.0,689.5390471579225,706.8106482790962,701.970873786407,678.7988667568208,696.3333379576432,0.8724271670624579,0.6734192777941136,0.0,0.0,0.0,1.0,0.0,0.0,1.0,0.0,1.0,0.0,0.0
131,700.0,695.0776273114345,706.8106482790962,686.9905878074868,682.8892293349359,681.6670657879246,0.0319148936170212,0.0192863347100845,0.0,0.0,0.0,0.0,0.0,1.0,0.0,1.0,1.0,0.0,0.0
132,750.0,710.948085191854,706.3158902622191,701.970873786407,705.544032472127,705.692305461913,0.6382978723404256,0.2624926878556361,0.0,0.0,0.0,1.0,0.0,0.0,0.0,1.0,1.0,0.0,0.0
133,730.0,710.948085191854,692.0263743925917,701.970873786407,701.7385556407845,696.3333379576432,0.5319148936170213,0.3296757839505078,0.0,0.0,0.0,1.0,0.0,0.0,0.0,1.0,1.0,0.0,0.0
134,730.0,704.5562854110732,706.8106482790962,701.970873786407,712.0699594988107,696.3333379576432,0.3404255319148936,0.1532270930459291,0.0,0.0,0.0,1.0,0.0,0.0,0.0,1.0,1.0,0.0,0.0
135,740.0,704.5562854110732,706.8106482790962,701.970873786407,701.7385556407845,696.3333379576432,0.4680851063829787,0.1450374913583748,0.0,0.0,0.0,1.0,0.0,0.0,0.0,1.0,1.0,0.0,0.0
136,720.0,704.5562854110732,706.8106482790962,701.970873786407,705.544032472127,696.3333379576432,0.4787234042553191,0.1298991367238048,0.0,0.0,0.0,1.0,0.0,0.0,0.0,1.0,1.0,0.0,0.0
137,720.0,704.5562854110732,697.5959787532945,701.970873786407,705.544032472127,696.3333379576432,0.4574468085106383,0.3465158740006736,0.0,0.0,0.0,1.0,0.0,0.0,0.0,1.0,1.0,0.0,0.0
138,740.0,704.5562854110732,706.8106482790962,701.970873786407,710.5365065594968,705.692305461913,0.3617021276595744,0.1143885274670731,0.0,0.0,0.0,1.0,0.0,0.0,0.0,1.0,1.0,0.0,0.0
139,720.0,704.5562854110732,700.6830665534904,701.970873786407,701.7385556407845,696.3333379576432,0.3404255319148936,0.2217928491659724,0.0,0.0,0.0,1.0,0.0,0.0,0.0,1.0,1.0,0.0,0.0
140,730.0,704.5562854110732,706.8106482790962,701.970873786407,701.7385556407845,696.3333379576432,0.2659574468085106,0.0744863772534699,0.0,0.0,0.0,1.0,0.0,0.0,0.0,1.0,1.0,0.0,0.0
141,600.0,689.5390471579225,706.8106482790962,686.9905878074868,682.8892293349359,681.6670657879246,0.6382978723404256,0.1247939304770177,0.0,0.0,1.0,0.0,0.0,0.0,1.0,0.0,1.0,0.0,0.0
142,600.0,689.5390471579225,706.8106482790962,686.9905878074868,682.8892293349359,681.6670657879246,0.6382978723404256,0.1233403648095297,0.0,0.0,1.0,0.0,0.0,0.0,1.0,0.0,1.0,0.0,0.0
143,725.0,704.5562854110732,703.0963850569117,701.970873786407,710.5365065594968,696.3333379576432,0.5425531914893618,0.4072642830553241,0.0,0.0,1.0,0.0,0.0,0.0,0.0,1.0,1.0,0.0,0.0
144,675.0,710.948085191854,695.9599975910161,701.970873786407,705.544032472127,696.3333379576432,0.5957446808510638,0.7675890308971337,0.0,0.0,0.0,1.0,0.0,0.0,0.0,1.0,1.0,0.0,0.0
145,750.0,689.5390471579225,706.3623985353242,701.970873786407,701.7385556407845,705.692305461913,0.3617021276595744,0.2774360519738358,0.0,0.0,0.0,1.0,0.0,0.0,0.0,1.0,1.0,0.0,0.0
146,750.0,704.5562854110732,700.7576087111507,701.970873786407,710.5365065594968,696.3333379576432,0.6276595744680851,0.6118093347278111,0.0,0.0,1.0,0.0,0.0,0.0,0.0,1.0,0.0,1.0,0.0
147,700.0,689.5390471579225,706.8106482790962,701.970873786407,705.544032472127,705.692305461913,0.3617021276595744,0.0562104479463953,0.0,0.0,0.0,1.0,0.0,0.0,0.0,1.0,1.0,0.0,0.0
148,750.0,704.5562854110732,706.8106482790962,701.970873786407,701.7385556407845,696.3333379576432,0.3617021276595744,0.1442752557034726,0.0,0.0,0.0,1.0,0.0,0.0,0.0,1.0,1.0,0.0,0.0
149,730.0,704.5562854110732,706.8106482790962,701.970873786407,701.7385556407845,696.3333379576432,0.2978723404255319,0.1207877616861361,0.0,0.0,0.0,1.0,0.0,0.0,0.0,1.0,1.0,0.0,0.0
150,650.0,704.5562854110732,702.3917346259143,701.970873786407,712.0699594988107,696.3333379576432,0.4361702127659574,0.5038200414798009,0.0,0.0,0.0,1.0,0.0,0.0,0.0,1.0,1.0,0.0,0.0
151,730.0,704.5562854110732,706.8106482790962,701.970873786407,710.5365065594968,696.3333379576432,0.4574468085106383,0.1366706255650293,0.0,0.0,0.0,1.0,0.0,0.0,0.0,1.0,1.0,0.0,0.0
152,720.0,704.5562854110732,706.8106482790962,701.970873786407,705.544032472127,696.3333379576432,0.3191489361702128,0.1215677237516175,0.0,0.0,0.0,1.0,0.0,0.0,0.0,1.0,1.0,0.0,0.0
153,720.0,704.5562854110732,706.8106482790962,701.970873786407,710.5365065594968,696.3333379576432,0.3297872340425531,0.1203623278322372,0.0,0.0,0.0,1.0,0.0,0.0,0.0,1.0,1.0,0.0,0.0
154,750.0,704.5562854110732,706.8106482790962,701.970873786407,710.5365065594968,696.3333379576432,0.2872340425531915,0.0771985180720755,0.0,0.0,0.0,1.0,0.0,0.0,0.0,1.0,1.0,0.0,0.0
155,730.0,704.5562854110732,706.8106482790962,701.970873786407,701.7385556407845,696.3333379576432,0.3191489361702128,0.1281264956658926,0.0,0.0,0.0,1.0,0.0,0.0,0.0,1.0,1.0,0.0,0.0
156,730.0,704.5562854110732,706.8106482790962,701.970873786407,705.544032472127,696.3333379576432,0.2127659574468085,0.0712247177069115,0.0,0.0,0.0,1.0,0.0,0.0,0.0,1.0,1.0,0.0,0.0
157,670.0,704.5562854110732,690.9363487011881,701.970873786407,710.5365065594968,705.692305461913,0.5,0.4416889723999787,0.0,0.0,0.0,1.0,0.0,0.0,0.0,1.0,1.0,0.0,0.0
158,740.0,704.5562854110732,706.8106482790962,701.970873786407,701.7385556407845,696.3333379576432,0.3404255319148936,0.082941875099711,0.0,0.0,0.0,1.0,0.0,0.0,0.0,1.0,1.0,0.0,0.0
159,720.0,704.5562854110732,702.3917346259143,701.970873786407,710.5365065594968,705.692305461913,0.5212765957446809,0.5123109921472002,0.0,0.0,0.0,1.0,0.0,0.0,0.0,1.0,1.0,0.0,0.0
160,750.0,704.5562854110732,706.8106482790962,701.970873786407,712.0699594988107,696.3333379576432,0.4148936170212766,0.1456579157286441,0.0,0.0,0.0,1.0,0.0,0.0,0.0,1.0,1.0,0.0,0.0
161,740.0,704.5562854110732,706.8106482790962,701.970873786407,701.7385556407845,696.3333379576432,0.2659574468085106,0.1336039565348412,0.0,0.0,0.0,1.0,0.0,0.0,0.0,1.0,1.0,0.0,0.0
162,740.0,704.5562854110732,706.8106482790962,701.970873786407,710.5365065594968,705.692305461913,0.4255319148936171,0.1149912254267633,0.0,0.0,0.0,1.0,0.0,0.0,0.0,1.0,1.0,0.0,0.0
163,730.0,695.0776273114345,706.8106482790962,701.970873786407,682.8892293349359,705.692305461913,0.2659574468085106,0.0118944214985907,0.0,0.0,0.0,0.0,0.0,1.0,1.0,0.0,1.0,0.0,0.0
164,620.0,710.948085191854,701.3645426202124,701.970873786407,682.8892293349359,705.692305461913,0.5851063829787234,0.3697906510910606,0.0,0.0,0.0,1.0,0.0,0.0,0.0,1.0,1.0,0.0,0.0
165,695.0,704.5562854110732,700.6418476661996,701.970873786407,682.8892293349359,696.3333379576432,0.5,0.2823462677042526,0.0,0.0,0.0,1.0,0.0,0.0,0.0,1.0,1.0,0.0,0.0
166,650.0,710.948085191854,699.010560419844,701.970873786407,682.8892293349359,705.692305461913,0.797872340425532,0.5264921206104977,0.0,0.0,0.0,1.0,0.0,0.0,0.0,1.0,1.0,0.0,0.0
167,675.0,704.5562854110732,702.3917346259143,701.970873786407,682.8892293349359,705.692305461913,0.5106382978723404,0.536720259514651,0.0,0.0,0.0,1.0,0.0,0.0,0.0,1.0,1.0,0.0,0.0
168,695.0,704.5562854110732,706.8106482790962,701.970873786407,682.8892293349359,696.3333379576432,0.4787234042553191,0.1471469342172903,0.0,0.0,0.0,1.0,0.0,0.0,0.0,1.0,1.0,0.0,0.0
169,750.0,704.5562854110732,701.3645426202124,701.970873786407,702.7696136397069,705.692305461913,0.9680851063829786,0.3616187758140854,0.0,0.0,0.0,1.0,0.0,0.0,0.0,1.0,0.0,1.0,0.0
170,675.0,689.5390471579225,706.8106482790962,686.9905878074868,682.8892293349359,681.6670657879246,0.1595744680851063,0.0147661000124084,0.0,0.0,0.0,1.0,0.0,0.0,1.0,0.0,1.0,0.0,0.0
171,730.0,710.948085191854,701.3645426202124,701.970873786407,701.7385556407845,696.3333379576432,0.4255319148936171,0.3646854448442734,0.0,0.0,0.0,1.0,0.0,0.0,1.0,0.0,1.0,0.0,0.0
172,690.0,704.5562854110732,701.3645426202124,701.970873786407,682.8892293349359,705.692305461913,0.6914893617021277,0.3655363125520713,0.0,0.0,0.0,1.0,0.0,0.0,0.0,1.0,1.0,0.0,0.0
173,750.0,689.5390471579225,706.8106482790962,701.970873786407,678.7988667568208,696.3333379576432,0.2659574468085106,0.0869657703011717,0.0,0.0,0.0,1.0,0.0,0.0,1.0,0.0,1.0,0.0,0.0
174,600.0,695.0776273114345,706.8106482790962,701.970873786407,710.5365065594968,705.692305461913,0.1276595744680851,0.1088756137769663,0.0,0.0,0.0,0.0,0.0,1.0,0.0,1.0,1.0,0.0,0.0
175,723.0,695.0776273114345,702.9823902370576,691.5338629270304,682.8892293349359,705.692305461913,0.0531914893617021,0.2941166043287894,0.0,0.0,0.0,0.0,0.0,1.0,0.0,1.0,1.0,0.0,0.0
176,725.0,689.5390471579225,706.8106482790962,701.970873786407,710.5365065594968,705.692305461913,0.3191489361702128,0.1829365571765373,0.0,0.0,0.0,1.0,0.0,0.0,0.0,1.0,1.0,0.0,0.0
177,750.0,710.948085191854,700.6830665534904,686.9905878074868,682.8892293349359,681.6670657879246,0.5,0.2033928349848439,0.0,0.0,0.0,1.0,0.0,0.0,0.0,1.0,1.0,0.0,0.0
178,600.0,704.5562854110732,686.2018620137912,686.9905878074868,682.8892293349359,681.6670657879246,0.2659574468085106,0.7235920798397533,0.0,0.0,0.0,1.0,0.0,0.0,0.0,1.0,1.0,0.0,0.0
179,750.0,710.948085191854,706.3158902622191,701.970873786407,705.544032472127,696.3333379576432,0.5319148936170213,0.2563061705635225,0.0,0.0,0.0,1.0,0.0,0.0,0.0,1.0,1.0,0.0,0.0
180,720.0,689.5390471579225,706.8106482790962,701.970873786407,678.7988667568208,696.3333379576432,0.3617021276595744,0.0551823161328062,0.0,0.0,0.0,1.0,0.0,0.0,0.0,1.0,1.0,0.0,0.0
181,720.0,710.948085191854,706.8106482790962,701.970873786407,701.7385556407845,696.3333379576432,0.3085106382978724,0.1458529062450144,0.0,0.0,0.0,1.0,0.0,0.0,1.0,0.0,1.0,0.0,0.0
182,740.0,710.948085191854,706.8106482790962,701.970873786407,710.5365065594968,705.692305461913,0.4787234042553191,0.1464201513835463,0.0,0.0,0.0,1.0,0.0,0.0,0.0,1.0,1.0,0.0,0.0
183,720.0,704.5562854110732,706.8106482790962,701.970873786407,712.0699594988107,696.3333379576432,0.3829787234042553,0.1153634800489249,0.0,0.0,0.0,1.0,0.0,0.0,1.0,0.0,1.0,0.0,0.0
184,650.0,689.5390471579225,706.8106482790962,701.970873786407,701.7385556407845,696.3333379576432,0.1170212765957446,0.0181518444330207,0.0,0.0,0.0,1.0,0.0,0.0,1.0,0.0,1.0,0.0,0.0
185,650.0,704.5562854110732,690.7221836842307,701.970873786407,701.7385556407845,696.3333379576432,0.8085106382978723,0.7758849910481628,0.0,0.0,0.0,1.0,0.0,0.0,0.0,1.0,1.0,0.0,0.0
186,690.0,704.5562854110732,702.3917346259143,701.970873786407,678.7988667568208,696.3333379576432,0.4680851063829787,0.539786928544839,0.0,0.0,0.0,1.0,0.0,0.0,0.0,1.0,1.0,0.0,0.0
187,750.0,695.0776273114345,706.8106482790962,701.970873786407,702.9283352403625,705.692305461913,0.0531914893617021,0.0530728732738907,0.0,0.0,0.0,0.0,0.0,1.0,0.0,1.0,1.0,0.0,0.0
188,725.0,689.5390471579225,706.8106482790962,701.970873786407,705.544032472127,705.692305461913,0.2659574468085106,0.1830251892294329,0.0,0.0,0.0,1.0,0.0,0.0,0.0,1.0,1.0,0.0,0.0
189,620.0,689.5390471579225,692.0263743925917,701.970873786407,678.7988667568208,705.692305461913,0.6914893617021277,0.3471540247815219,0.0,0.0,0.0,1.0,0.0,0.0,1.0,0.0,1.0,0.0,0.0
190,590.0,689.5390471579225,684.9007772701613,701.970873786407,678.7988667568208,696.3333379576432,0.3404255319148936,0.7860422243099996,0.0,0.0,0.0,1.0,0.0,0.0,0.0,1.0,1.0,0.0,0.0
191,750.0,695.0776273114345,706.3158902622191,701.970873786407,710.5365065594968,705.692305461913,0.6382978723404256,0.365784482300179,0.0,0.0,0.0,0.0,1.0,0.0,0.0,1.0,1.0,0.0,0.0
192,720.0,695.0776273114345,706.8106482790962,701.970873786407,705.544032472127,705.692305461913,0.1702127659574468,0.1026713700742736,0.0,0.0,0.0,0.0,0.0,1.0,0.0,1.0,1.0,0.0,0.0
193,700.0,704.5562854110732,695.6770603946825,701.970873786407,701.7385556407845,696.3333379576432,0.6595744680851063,0.7494726392852712,0.0,0.0,0.0,1.0,0.0,0.0,0.0,1.0,1.0,0.0,0.0
194,692.0,704.5562854110732,697.5959787532945,691.5338629270304,682.8892293349359,705.692305461913,0.6702127659574468,0.3564958431567191,0.0,0.0,0.0,1.0,0.0,0.0,0.0,1.0,0.0,1.0,0.0
195,670.0,704.5562854110732,697.5959787532945,691.5338629270304,682.8892293349359,705.692305461913,0.6276595744680851,0.3564958431567191,0.0,0.0,0.0,1.0,0.0,0.0,0.0,1.0,0.0,1.0,0.0
196,609.0,689.5390471579225,702.3917346259143,691.5338629270304,678.7988667568208,705.692305461913,0.3829787234042553,0.5318454966053925,0.0,0.0,0.0,1.0,0.0,0.0,0.0,1.0,1.0,0.0,0.0
197,718.0,704.5562854110732,697.5959787532945,691.5338629270304,682.8892293349359,705.692305461913,0.7021276595744681,0.3564958431567191,0.0,0.0,0.0,1.0,0.0,0.0,0.0,1.0,0.0,1.0,0.0
198,694.0,704.5562854110732,697.5959787532945,691.5338629270304,682.8892293349359,705.692305461913,0.648936170212766,0.3564958431567191,0.0,0.0,0.0,1.0,0.0,0.0,0.0,1.0,0.0,1.0,0.0
199,658.0,704.5562854110732,697.5959787532945,691.5338629270304,682.8892293349359,705.692305461913,0.6170212765957447,0.3564958431567191,0.0,0.0,0.0,1.0,0.0,0.0,0.0,1.0,0.0,1.0,0.0
200,750.0,704.5562854110732,706.8106482790962,701.970873786407,705.544032472127,705.692305461913,0.1702127659574468,0.0609256731604417,0.0,0.0,0.0,1.0,0.0,0.0,1.0,0.0,1.0,0.0,0.0
201,723.0,704.5562854110732,697.5959787532945,691.5338629270304,682.8892293349359,705.692305461913,0.723404255319149,0.3564958431567191,0.0,0.0,0.0,1.0,0.0,0.0,0.0,1.0,0.0,1.0,0.0
202,728.0,704.5562854110732,697.5959787532945,691.5338629270304,682.8892293349359,705.692305461913,0.7553191489361702,0.3564958431567191,0.0,0.0,0.0,1.0,0.0,0.0,0.0,1.0,0.0,1.0,0.0
203,650.0,695.0776273114345,706.8106482790962,701.970873786407,678.7988667568208,696.3333379576432,0.0851063829787233,0.0839700069133001,0.0,0.0,0.0,0.0,0.0,1.0,0.0,1.0,1.0,0.0,0.0
204,750.0,704.5562854110732,702.3917346259143,701.970873786407,710.5365065594968,696.3333379576432,0.4255319148936171,0.5225745838725118,0.0,0.0,0.0,1.0,0.0,0.0,1.0,0.0,1.0,0.0,0.0
205,735.0,710.948085191854,701.3645426202124,701.970873786407,712.0699594988107,696.3333379576432,0.4255319148936171,0.3669898782195593,0.0,0.0,0.0,1.0,0.0,0.0,0.0,1.0,1.0,0.0,0.0
206,699.0,704.5562854110732,704.1490627464998,701.970873786407,705.544032472127,696.3333379576432,0.6170212765957447,0.4874940173364295,0.0,0.0,0.0,0.0,1.0,0.0,0.0,1.0,1.0,0.0,0.0
207,725.0,710.948085191854,702.5815008399666,701.970873786407,712.0699594988107,696.3333379576432,0.5,0.3014907911297041,0.0,0.0,0.0,1.0,0.0,0.0,0.0,1.0,1.0,0.0,0.0
208,740.0,710.948085191854,702.3917346259143,701.970873786407,678.7988667568208,705.692305461913,0.6063829787234043,0.499920231152394,0.0,0.0,0.0,1.0,0.0,0.0,0.0,1.0,0.0,1.0,0.0
209,720.0,689.5390471579225,700.7576087111507,701.970873786407,705.544032472127,705.692305461913,0.5638297872340425,0.6129438250048749,0.0,0.0,0.0,1.0,0.0,0.0,0.0,1.0,1.0,0.0,0.0
210,750.0,710.948085191854,700.6830665534904,701.970873786407,695.1528188869772,705.692305461913,0.6276595744680851,0.2046514101359615,0.0,0.0,0.0,1.0,0.0,0.0,0.0,1.0,1.0,0.0,0.0
211,710.0,710.948085191854,701.3645426202124,701.970873786407,712.0699594988107,696.3333379576432,0.4893617021276596,0.361707407866981,0.0,0.0,0.0,1.0,0.0,0.0,0.0,1.0,1.0,0.0,0.0
212,725.0,704.5562854110732,706.8106482790962,701.970873786407,701.7385556407845,696.3333379576432,0.4468085106382978,0.1341002960310567,0.0,0.0,0.0,1.0,0.0,0.0,0.0,1.0,1.0,0.0,0.0
213,750.0,689.5390471579225,706.8106482790962,701.970873786407,678.7988667568208,696.3333379576432,0.276595744680851,0.0974420789534327,0.0,0.0,0.0,1.0,0.0,0.0,1.0,0.0,1.0,0.0,0.0
214,750.0,704.5562854110732,706.8106482790962,701.970873786407,710.5365065594968,705.692305461913,0.4361702127659574,0.0527892507046248,0.0,0.0,0.0,1.0,0.0,0.0,0.0,1.0,1.0,0.0,0.0
215,720.0,704.5562854110732,701.3645426202124,701.970873786407,682.8892293349359,705.692305461913,0.9574468085106383,0.376402602237073,0.0,0.0,0.0,1.0,0.0,0.0,1.0,0.0,1.0,0.0,0.0
216,720.0,704.5562854110732,706.8106482790962,701.970873786407,678.7988667568208,696.3333379576432,0.2978723404255319,0.0597025508304823,0.0,0.0,0.0,1.0,0.0,0.0,1.0,0.0,1.0,0.0,0.0
217,700.0,704.5562854110732,706.8106482790962,701.970873786407,712.0699594988107,696.3333379576432,0.3936170212765957,0.1458351798344353,0.0,0.0,0.0,1.0,0.0,0.0,1.0,0.0,1.0,0.0,0.0
218,750.0,704.5562854110732,703.0963850569117,701.970873786407,710.5365065594968,696.3333379576432,0.5851063829787234,0.4253097690248701,0.0,0.0,1.0,0.0,0.0,0.0,0.0,1.0,0.0,1.0,0.0
219,610.0,695.0776273114345,706.8106482790962,701.970873786407,701.7385556407845,705.692305461913,0.0638297872340425,0.0914682785882686,0.0,0.0,0.0,0.0,0.0,1.0,1.0,0.0,1.0,0.0,0.0
220,740.0,704.5562854110732,702.5815008399666,701.970873786407,712.0699594988107,696.3333379576432,0.3404255319148936,0.3074114122631308,0.0,0.0,0.0,1.0,0.0,0.0,1.0,0.0,1.0,0.0,0.0
221,715.0,704.5562854110732,704.1490627464998,701.970873786407,678.7988667568208,705.692305461913,0.4468085106382978,0.4675340790243383,0.0,0.0,0.0,1.0,0.0,0.0,0.0,1.0,1.0,0.0,0.0
222,550.0,704.5562854110732,690.7221836842307,701.970873786407,678.7988667568208,696.3333379576432,0.8724271670624579,0.6734192777941136,0.0,0.0,0.0,1.0,0.0,0.0,1.0,0.0,1.0,0.0,0.0
223,710.0,689.5390471579225,706.8106482790962,701.970873786407,678.7988667568208,696.3333379576432,0.1702127659574468,0.0200662967755659,0.0,0.0,0.0,1.0,0.0,0.0,0.0,1.0,1.0,0.0,0.0
224,730.0,704.5562854110732,706.8106482790962,701.970873786407,705.544032472127,696.3333379576432,0.3297872340425531,0.1402159076808537,0.0,0.0,0.0,1.0,0.0,0.0,0.0,1.0,1.0,0.0,0.0
225,750.0,695.0776273114345,706.8106482790962,701.970873786407,703.1105634699142,705.692305461913,0.0319148936170212,0.0209880701256802,0.0,0.0,0.0,0.0,0.0,1.0,0.0,1.0,1.0,0.0,0.0
226,690.0,689.5390471579225,706.8106482790962,701.970873786407,701.7385556407845,705.692305461913,0.1382978723404255,0.0895006470139861,0.0,0.0,0.0,1.0,0.0,0.0,1.0,0.0,1.0,0.0,0.0
227,740.0,710.948085191854,701.3645426202124,701.970873786407,712.0699594988107,705.692305461913,0.5638297872340425,0.3838654210908833,0.0,0.0,0.0,1.0,0.0,0.0,0.0,1.0,1.0,0.0,0.0
228,750.0,689.5390471579225,706.8106482790962,701.970873786407,678.7988667568208,705.692305461913,0.4893617021276596,0.0965025791927392,0.0,0.0,1.0,0.0,0.0,0.0,0.0,1.0,1.0,0.0,0.0
229,720.0,710.948085191854,706.8106482790962,701.970873786407,705.544032472127,696.3333379576432,0.2553191489361702,0.1416871997589208,0.0,0.0,0.0,1.0,0.0,0.0,1.0,0.0,1.0,0.0,0.0
230,740.0,704.5562854110732,706.8106482790962,701.970873786407,705.544032472127,696.3333379576432,0.2234042553191489,0.0816123943062769,0.0,0.0,0.0,1.0,0.0,0.0,0.0,1.0,1.0,0.0,0.0
231,740.0,689.5390471579225,706.8106482790962,701.970873786407,710.5365065594968,705.692305461913,0.3936170212765957,0.0613156541931824,0.0,0.0,0.0,1.0,0.0,0.0,0.0,1.0,1.0,0.0,0.0
232,740.0,704.5562854110732,704.1490627464998,701.970873786407,710.5365065594968,705.692305461913,0.4468085106382978,0.4734192473366068,0.0,0.0,0.0,1.0,0.0,0.0,0.0,1.0,1.0,0.0,0.0
233,700.0,704.5562854110732,700.6830665534904,701.970873786407,712.0699594988107,696.3333379576432,0.574468085106383,0.1731338521262829,0.0,0.0,0.0,1.0,0.0,0.0,1.0,0.0,1.0,0.0,0.0
234,730.0,689.5390471579225,706.8106482790962,701.970873786407,705.544032472127,705.692305461913,0.1595744680851063,0.0102281389041532,0.0,0.0,0.0,1.0,0.0,0.0,1.0,0.0,1.0,0.0,0.0
235,700.0,695.0776273114345,706.8106482790962,701.970873786407,701.7385556407845,705.692305461913,0.0851063829787233,0.1687022494815025,0.0,0.0,0.0,0.0,0.0,1.0,0.0,1.0,1.0,0.0,0.0
236,750.0,704.5562854110732,690.9363487011881,701.970873786407,701.7385556407845,705.692305461913,0.946808510638298,0.4302554375764451,0.0,0.0,0.0,1.0,0.0,0.0,0.0,1.0,0.0,1.0,0.0
237,749.0,689.5390471579225,706.8106482790962,701.970873786407,705.544032472127,705.692305461913,0.1914893617021276,0.1120840940917873,0.0,0.0,0.0,1.0,0.0,0.0,0.0,1.0,1.0,0.0,0.0
238,700.0,695.0776273114345,706.8106482790962,701.970873786407,678.7988667568208,705.692305461913,0.1063829787234042,0.0394944427702834,0.0,0.0,0.0,0.0,0.0,1.0,1.0,0.0,1.0,0.0,0.0
239,667.0,689.5390471579225,701.3645426202124,701.970873786407,703.1105634699142,705.692305461913,0.5319148936170213,0.3722900749827167,0.0,0.0,0.0,1.0,0.0,0.0,0.0,1.0,1.0,0.0,0.0
240,725.0,689.5390471579225,706.8106482790962,701.970873786407,710.5365065594968,705.692305461913,0.2659574468085106,0.1810752840657295,0.0,0.0,0.0,1.0,0.0,0.0,1.0,0.0,1.0,0.0,0.0
241,550.0,710.948085191854,679.6964382956414,701.970873786407,701.7385556407845,696.3333379576432,0.5319148936170213,0.8404445783773244,0.0,0.0,0.0,0.0,1.0,0.0,0.0,1.0,1.0,0.0,0.0
242,695.0,710.948085191854,701.3645426202124,701.970873786407,712.0699594988107,696.3333379576432,0.3723404255319149,0.3471185719603637,0.0,0.0,0.0,1.0,0.0,0.0,0.0,1.0,1.0,0.0,0.0
243,750.0,710.948085191854,706.3158902622191,701.970873786407,710.5365065594968,696.3333379576432,0.904255319148936,0.5074539556485208,0.0,0.0,0.0,1.0,0.0,0.0,0.0,1.0,1.0,0.0,0.0
244,699.0,689.5390471579225,706.8106482790962,701.970873786407,701.7385556407845,705.692305461913,0.3404255319148936,0.1224717706911527,0.0,0.0,0.0,1.0,0.0,0.0,0.0,1.0,1.0,0.0,0.0
245,750.0,695.0776273114345,706.8106482790962,701.970873786407,705.7181331682409,705.692305461913,0.1276595744680851,0.0854944782231046,0.0,0.0,0.0,0.0,0.0,1.0,0.0,1.0,1.0,0.0,0.0
246,730.0,710.948085191854,700.7576087111507,701.970873786407,712.0699594988107,696.3333379576432,0.6382978723404256,0.6309006789215252,0.0,0.0,0.0,1.0,0.0,0.0,0.0,1.0,1.0,0.0,0.0
247,710.0,689.5390471579225,706.8106482790962,701.970873786407,678.7988667568208,696.3333379576432,0.1063829787234042,0.0172477974934855,0.0,0.0,0.0,1.0,0.0,0.0,0.0,1.0,1.0,0.0,0.0
248,650.0,689.5390471579225,706.8106482790962,701.970873786407,712.0699594988107,705.692305461913,0.4042553191489362,0.1017673231347384,0.0,0.0,0.0,1.0,0.0,0.0,0.0,1.0,1.0,0.0,0.0
249,600.0,704.5562854110732,686.2018620137912,690.7122731231655,682.8892293349359,681.6670657879246,0.4255319148936171,0.4182192047932214,0.0,1.0,0.0,0.0,0.0,0.0,1.0,0.0,0.0,1.0,0.0
250,740.0,704.5562854110732,706.8106482790962,701.970873786407,701.7385556407845,696.3333379576432,0.2234042553191489,0.144913406484321,0.0,0.0,0.0,1.0,0.0,0.0,0.0,1.0,1.0,0.0,0.0
251,750.0,695.0776273114345,706.8106482790962,701.970873786407,712.0699594988107,696.3333379576432,0.1595744680851063,0.0193040611206636,0.0,0.0,0.0,0.0,0.0,1.0,0.0,1.0,1.0,0.0,0.0
252,750.0,710.948085191854,702.3917346259143,701.970873786407,705.544032472127,705.692305461913,0.574468085106383,0.5151649442504388,0.0,0.0,0.0,1.0,0.0,0.0,0.0,1.0,1.0,0.0,0.0
253,710.0,710.948085191854,702.3917346259143,701.970873786407,702.9283352403625,705.692305461913,0.5212765957446809,0.5008951837342457,0.0,0.0,0.0,1.0,0.0,0.0,0.0,1.0,1.0,0.0,0.0
254,560.0,695.0776273114345,706.8106482790962,701.970873786407,678.7988667568208,696.3333379576432,0.276595744680851,0.0638682573165759,0.0,0.0,0.0,0.0,0.0,1.0,0.0,1.0,1.0,0.0,0.0
255,600.0,689.5390471579225,697.5959787532945,701.970873786407,678.7988667568208,696.3333379576432,0.2340425531914893,0.3318738588623189,0.0,0.0,0.0,1.0,0.0,0.0,0.0,1.0,1.0,0.0,0.0
256,720.0,689.5390471579225,706.8106482790962,701.970873786407,701.8148789373511,696.3333379576432,0.2553191489361702,0.0603761544324889,0.0,0.0,0.0,1.0,0.0,0.0,0.0,1.0,1.0,0.0,0.0
257,750.0,704.5562854110732,706.8106482790962,701.970873786407,682.8892293349359,696.3333379576432,0.4255319148936171,0.0426851966745253,0.0,0.0,0.0,1.0,0.0,0.0,0.0,1.0,1.0,0.0,0.0
258,750.0,689.5390471579225,706.8106482790962,701.970873786407,712.0699594988107,705.692305461913,0.2340425531914893,0.0457164128835552,0.0,0.0,0.0,1.0,0.0,0.0,1.0,0.0,1.0,0.0,0.0
259,750.0,695.0776273114345,706.8106482790962,701.970873786407,712.0699594988107,705.692305461913,0.7446808510638298,0.1248825625299133,0.0,0.0,0.0,0.0,0.0,1.0,0.0,1.0,1.0,0.0,0.0
260,650.0,695.0776273114345,706.8106482790962,701.970873786407,678.7988667568208,705.692305461913,0.2659574468085106,0.0642405119387375,0.0,0.0,0.0,0.0,0.0,1.0,1.0,0.0,1.0,0.0,0.0
261,650.0,689.5390471579225,701.3645426202124,701.970873786407,705.544032472127,705.692305461913,0.4148936170212766,0.362576001985358,0.0,0.0,0.0,1.0,0.0,0.0,0.0,1.0,1.0,0.0,0.0
262,670.0,704.5562854110732,688.9581124174473,701.970873786407,701.7385556407845,705.692305461913,0.5851063829787234,0.476361831492741,0.0,0.0,0.0,1.0,0.0,0.0,0.0,1.0,1.0,0.0,0.0
263,650.0,689.5390471579225,700.6830665534904,691.5338629270304,705.544032472127,705.692305461913,0.2659574468085106,0.2162622090652864,0.0,0.0,0.0,1.0,0.0,0.0,0.0,1.0,1.0,0.0,0.0
264,750.0,689.5390471579225,706.8106482790962,701.970873786407,705.544032472127,705.692305461913,0.1276595744680851,0.0913973729459521,0.0,0.0,0.0,1.0,0.0,0.0,0.0,1.0,1.0,0.0,0.0
265,725.0,689.5390471579225,706.8106482790962,686.9905878074868,682.8892293349359,681.6670657879246,0.3191489361702128,0.0953858153262545,0.0,0.0,0.0,1.0,0.0,0.0,0.0,1.0,1.0,0.0,0.0
266,620.0,695.0776273114345,706.8106482790962,701.970873786407,710.5365065594968,705.692305461913,0.8724271670624579,0.6734192777941136,0.0,0.0,0.0,0.0,0.0,1.0,1.0,0.0,1.0,0.0,0.0
267,680.0,689.5390471579225,706.8106482790962,701.970873786407,678.7988667568208,696.3333379576432,0.1595744680851063,0.0553950330597557,0.0,0.0,0.0,1.0,0.0,0.0,0.0,1.0,1.0,0.0,0.0
268,750.0,710.948085191854,701.9964415655847,701.970873786407,678.7988667568208,705.692305461913,0.7127659574468085,0.2186730009040469,0.0,0.0,0.0,1.0,0.0,0.0,0.0,1.0,1.0,0.0,0.0
269,670.0,689.5390471579225,700.6830665534904,691.5338629270304,710.5365065594968,705.692305461913,0.351063829787234,0.2162622090652864,0.0,0.0,0.0,1.0,0.0,0.0,0.0,1.0,1.0,0.0,0.0
270,600.0,710.948085191854,702.3917346259143,686.9905878074868,682.8892293349359,681.6670657879246,0.5851063829787234,0.5064967294772482,0.0,0.0,0.0,1.0,0.0,0.0,0.0,1.0,1.0,0.0,0.0
271,750.0,704.5562854110732,703.2303101041684,701.970873786407,712.0699594988107,696.3333379576432,0.5319148936170213,0.2203570099090635,0.0,0.0,0.0,1.0,0.0,0.0,0.0,1.0,1.0,0.0,0.0
272,700.0,704.5562854110732,699.2127094500911,701.970873786407,701.7385556407845,696.3333379576432,0.1702127659574468,0.1656001276301562,0.0,0.0,0.0,1.0,0.0,0.0,0.0,1.0,1.0,0.0,0.0
273,695.0,689.5390471579225,706.8106482790962,701.970873786407,710.5365065594968,705.692305461913,0.4042553191489362,0.0970698243312711,0.0,0.0,0.0,1.0,0.0,0.0,1.0,0.0,1.0,0.0,0.0
274,710.0,689.5390471579225,688.9581124174473,701.970873786407,705.544032472127,705.692305461913,0.4893617021276596,0.4401467746795951,0.0,0.0,0.0,1.0,0.0,0.0,0.0,1.0,1.0,0.0,0.0
275,620.0,704.5562854110732,688.8040315010512,701.970873786407,705.544032472127,696.3333379576432,0.6382978723404256,0.8703135802031448,0.0,0.0,0.0,1.0,0.0,0.0,0.0,1.0,1.0,0.0,0.0
276,700.0,710.948085191854,699.2127094500911,701.970873786407,710.5365065594968,696.3333379576432,0.6382978723404256,0.7218903444241577,0.0,0.0,0.0,1.0,0.0,0.0,0.0,1.0,1.0,0.0,0.0
277,715.0,710.948085191854,701.164336565536,701.970873786407,678.7988667568208,696.3333379576432,0.7340425531914894,0.6936876251927748,0.0,0.0,0.0,1.0,0.0,0.0,0.0,1.0,1.0,0.0,0.0
278,750.0,689.5390471579225,706.8106482790962,701.970873786407,710.5365065594968,705.692305461913,0.3191489361702128,0.1953450445819226,0.0,0.0,0.0,1.0,0.0,0.0,0.0,1.0,1.0,0.0,0.0
279,750.0,689.5390471579225,706.8106482790962,701.970873786407,705.544032472127,705.692305461913,0.2659574468085106,0.1461188024037013,0.0,0.0,0.0,1.0,0.0,0.0,0.0,1.0,1.0,0.0,0.0
280,550.0,695.0776273114345,706.8106482790962,701.970873786407,678.7988667568208,696.3333379576432,0.8724271670624579,0.6734192777941136,0.0,0.0,0.0,0.0,0.0,1.0,1.0,0.0,1.0,0.0,0.0
281,730.0,689.5390471579225,704.1490627464998,701.970873786407,682.8892293349359,696.3333379576432,0.4255319148936171,0.489603460195345,0.0,0.0,0.0,1.0,0.0,0.0,0.0,1.0,1.0,0.0,0.0
282,750.0,704.5562854110732,706.8106482790962,701.970873786407,712.0699594988107,705.692305461913,0.276595744680851,0.0656940776062255,0.0,0.0,0.0,0.0,1.0,0.0,0.0,1.0,1.0,0.0,0.0
283,700.0,689.5390471579225,701.9964415655847,701.970873786407,678.7988667568208,696.3333379576432,0.2659574468085106,0.2429227305762856,0.0,0.0,0.0,1.0,0.0,0.0,0.0,1.0,1.0,0.0,0.0
284,680.0,704.5562854110732,701.9964415655847,690.7122731231655,678.7988667568208,705.692305461913,0.6914893617021277,0.2325705067980784,0.0,0.0,0.0,1.0,0.0,0.0,0.0,1.0,1.0,0.0,0.0
285,600.0,689.5390471579225,706.8106482790962,701.970873786407,712.0699594988107,696.3333379576432,0.0851063829787233,0.0750713488025809,0.0,0.0,0.0,1.0,0.0,0.0,1.0,0.0,1.0,0.0,0.0
286,750.0,704.5562854110732,706.3158902622191,701.970873786407,710.5365065594968,696.3333379576432,0.6382978723404256,0.546186162763902,0.0,0.0,0.0,1.0,0.0,0.0,0.0,1.0,1.0,0.0,0.0
287,700.0,689.5390471579225,703.2303101041684,701.970873786407,705.544032472127,705.692305461913,0.4468085106382978,0.2279084608157694,0.0,0.0,0.0,1.0,0.0,0.0,0.0,1.0,1.0,0.0,0.0
288,690.0,704.5562854110732,706.8106482790962,701.970873786407,678.7988667568208,705.692305461913,0.6063829787234043,0.125857515111765,0.0,0.0,0.0,1.0,0.0,0.0,0.0,1.0,1.0,0.0,0.0
289,700.0,689.5390471579225,706.8106482790962,701.970873786407,678.7988667568208,696.3333379576432,0.3191489361702128,0.1358020314466523,0.0,0.0,0.0,1.0,0.0,0.0,0.0,1.0,1.0,0.0,0.0
290,750.0,704.5562854110732,701.9964415655847,701.970873786407,702.9283352403625,705.692305461913,0.7127659574468085,0.2409019197702657,0.0,0.0,0.0,1.0,0.0,0.0,0.0,1.0,1.0,0.0,0.0
291,735.0,689.5390471579225,700.6830665534904,701.970873786407,712.0699594988107,705.692305461913,0.3297872340425531,0.2453335224150462,0.0,0.0,0.0,1.0,0.0,0.0,0.0,1.0,1.0,0.0,0.0
292,700.0,710.948085191854,702.5815008399666,701.970873786407,702.9283352403625,705.692305461913,0.6382978723404256,0.3118784677290695,0.0,0.0,0.0,1.0,0.0,0.0,0.0,1.0,1.0,0.0,0.0
293,725.0,710.948085191854,700.6418476661996,701.970873786407,682.8892293349359,696.3333379576432,0.5851063829787234,0.2847570595430131,0.0,0.0,0.0,1.0,0.0,0.0,0.0,1.0,1.0,0.0,0.0
294,733.0,704.5562854110732,702.3917346259143,701.970873786407,705.544032472127,705.692305461913,0.5148936170212767,0.5026855512027371,0.0,0.0,0.0,1.0,0.0,0.0,0.0,1.0,1.0,0.0,0.0
295,750.0,689.5390471579225,706.8106482790962,701.970873786407,678.7988667568208,705.692305461913,0.1702127659574468,0.0718628684877599,0.0,0.0,0.0,1.0,0.0,0.0,0.0,1.0,1.0,0.0,0.0
296,675.0,704.5562854110732,706.8106482790962,701.970873786407,678.7988667568208,696.3333379576432,0.5212765957446809,0.0970166450995338,0.0,0.0,0.0,1.0,0.0,0.0,0.0,1.0,1.0,0.0,0.0
297,650.0,704.5562854110732,694.0859112603721,701.970873786407,705.544032472127,696.3333379576432,0.6914893617021277,0.7601616648644817,0.0,0.0,0.0,1.0,0.0,0.0,0.0,1.0,1.0,0.0,0.0
298,730.0,689.5390471579225,706.8106482790962,701.970873786407,678.7988667568208,705.692305461913,0.3404255319148936,0.1009696346586779,0.0,0.0,0.0,1.0,0.0,0.0,0.0,1.0,1.0,0.0,0.0
299,700.0,689.5390471579225,699.2127094500911,701.970873786407,678.7988667568208,705.692305461913,0.8191489361702128,0.4329143991633134,0.0,0.0,0.0,1.0,0.0,0.0,0.0,1.0,1.0,0.0,0.0
300,690.0,695.0776273114345,706.8106482790962,701.970873786407,705.544032472127,705.692305461913,0.1914893617021276,0.0995337954017691,0.0,0.0,0.0,0.0,0.0,1.0,1.0,0.0,1.0,0.0,0.0
301,700.0,704.5562854110732,694.0859112603721,701.970873786407,710.5365065594968,696.3333379576432,0.5319148936170213,0.7619343059223939,0.0,0.0,0.0,1.0,0.0,0.0,0.0,1.0,1.0,0.0,0.0
302,600.0,704.5562854110732,687.6498585485582,701.970873786407,705.544032472127,696.3333379576432,0.7340425531914894,0.7851204509598853,0.0,0.0,1.0,0.0,0.0,0.0,0.0,1.0,0.0,1.0,0.0
303,700.0,695.0776273114345,706.8106482790962,701.970873786407,678.7988667568208,696.3333379576432,0.0531914893617021,0.0090050165741938,0.0,0.0,0.0,0.0,0.0,1.0,1.0,0.0,1.0,0.0,0.0
304,690.0,704.5562854110732,697.9116247064611,701.970873786407,678.7988667568208,696.3333379576432,0.4255319148936171,0.5109106057114495,0.0,0.0,0.0,1.0,0.0,0.0,0.0,1.0,1.0,0.0,0.0
305,750.0,710.948085191854,705.7181331682409,701.970873786407,710.5365065594968,696.3333379576432,1.0,0.4948504777267651,0.0,0.0,1.0,0.0,0.0,0.0,0.0,1.0,0.0,0.0,1.0
306,700.0,695.0776273114345,706.8106482790962,701.970873786407,678.7988667568208,696.3333379576432,0.3297872340425531,0.1469164908797617,0.0,0.0,0.0,0.0,0.0,1.0,0.0,1.0,1.0,0.0,0.0
307,670.0,689.5390471579225,700.7576087111507,701.970873786407,678.7988667568208,705.692305461913,0.4361702127659574,0.6195912289720455,0.0,0.0,0.0,1.0,0.0,0.0,0.0,1.0,1.0,0.0,0.0
308,750.0,704.5562854110732,690.9363487011881,701.970873786407,712.0699594988107,705.692305461913,0.6382978723404256,0.4414230762412919,0.0,0.0,0.0,1.0,0.0,0.0,0.0,1.0,1.0,0.0,0.0
309,740.0,695.0776273114345,706.8106482790962,701.970873786407,678.7988667568208,705.692305461913,0.1382978723404255,0.1442752557034726,0.0,0.0,0.0,0.0,0.0,1.0,0.0,1.0,1.0,0.0,0.0
310,750.0,705.7181331682409,704.1490627464998,701.970873786407,710.5365065594968,696.3333379576432,0.9574468085106383,0.4926701292255331,0.0,0.0,0.0,1.0,0.0,0.0,0.0,1.0,0.0,1.0,0.0
311,750.0,704.5562854110732,706.8106482790962,701.970873786407,701.7385556407845,696.3333379576432,0.4468085106382978,0.0978497863967525,0.0,0.0,0.0,1.0,0.0,0.0,0.0,1.0,1.0,0.0,0.0
312,750.0,695.0776273114345,706.3623985353242,701.970873786407,678.7988667568208,705.692305461913,0.5319148936170213,0.2852179462180703,0.0,0.0,0.0,0.0,0.0,1.0,0.0,1.0,1.0,0.0,0.0
313,650.0,695.0776273114345,706.8106482790962,701.970873786407,678.7988667568208,696.3333379576432,0.0851063829787233,0.0924609575806994,0.0,0.0,0.0,0.0,0.0,1.0,0.0,1.0,1.0,0.0,0.0
314,625.0,689.5390471579225,688.9581124174473,701.970873786407,705.544032472127,705.692305461913,0.3297872340425531,0.4400935954478577,0.0,0.0,0.0,1.0,0.0,0.0,0.0,1.0,1.0,0.0,0.0
315,700.0,689.5390471579225,706.8106482790962,701.970873786407,678.7988667568208,705.692305461913,0.1595744680851063,0.0369241132363107,0.0,0.0,0.0,1.0,0.0,0.0,0.0,1.0,1.0,0.0,0.0
316,750.0,704.5562854110732,706.3158902622191,701.970873786407,710.5365065594968,696.3333379576432,0.797872340425532,0.5420027298672292,0.0,0.0,0.0,1.0,0.0,0.0,0.0,1.0,0.0,1.0,0.0
317,600.0,695.0776273114345,706.8106482790962,701.970873786407,678.7988667568208,696.3333379576432,0.0531914893617021,0.0643291439916331,0.0,0.0,0.0,0.0,0.0,1.0,1.0,0.0,1.0,0.0,0.0
318,750.0,704.5562854110732,700.6830665534904,701.970873786407,705.544032472127,705.692305461913,0.7340425531914894,0.2250367823019517,0.0,0.0,0.0,1.0,0.0,0.0,0.0,1.0,0.0,1.0,0.0
319,700.0,689.5390471579225,699.2127094500911,701.970873786407,710.5365065594968,705.692305461913,0.3723404255319149,0.564072111038236,0.0,0.0,0.0,1.0,0.0,0.0,0.0,1.0,1.0,0.0,0.0
320,750.0,710.948085191854,706.3158902622191,701.970873786407,705.544032472127,705.692305461913,0.7446808510638298,0.5061422012656658,0.0,0.0,0.0,1.0,0.0,0.0,0.0,1.0,0.0,1.0,0.0
321,750.0,704.5562854110732,706.8106482790962,701.970873786407,705.544032472127,705.692305461913,0.2978723404255319,0.117862903940581,0.0,0.0,0.0,1.0,0.0,0.0,0.0,1.0,1.0,0.0,0.0
322,625.0,704.5562854110732,690.7221836842307,701.970873786407,678.7988667568208,696.3333379576432,0.3936170212765957,0.7704607094109515,0.0,0.0,0.0,1.0,0.0,0.0,0.0,1.0,1.0,0.0,0.0
323,750.0,689.5390471579225,706.3623985353242,701.970873786407,710.5365065594968,696.3333379576432,0.276595744680851,0.2826298902735185,0.0,0.0,0.0,1.0,0.0,0.0,0.0,1.0,1.0,0.0,0.0
324,695.0,689.5390471579225,706.8106482790962,701.970873786407,712.0699594988107,705.692305461913,0.4148936170212766,0.1491145657915728,0.0,0.0,0.0,1.0,0.0,0.0,0.0,1.0,1.0,0.0,0.0
325,720.0,704.5562854110732,703.2303101041684,701.970873786407,678.7988667568208,696.3333379576432,0.4042553191489362,0.2351940155637885,0.0,0.0,0.0,1.0,0.0,0.0,0.0,1.0,1.0,0.0,0.0
326,745.0,704.5562854110732,702.3917346259143,701.970873786407,705.544032472127,705.692305461913,0.5638297872340425,0.5072766915427296,0.0,0.0,0.0,1.0,0.0,0.0,0.0,1.0,1.0,0.0,0.0
327,720.0,704.5562854110732,702.3917346259143,701.970873786407,705.544032472127,705.692305461913,0.5276595744680851,0.5041568432808041,0.0,0.0,0.0,1.0,0.0,0.0,0.0,1.0,1.0,0.0,0.0
328,750.0,704.5562854110732,706.8106482790962,701.970873786407,710.5365065594968,696.3333379576432,0.3723404255319149,0.1290305426054278,0.0,0.0,0.0,1.0,0.0,0.0,0.0,1.0,1.0,0.0,0.0
329,720.0,695.0776273114345,706.8106482790962,701.970873786407,710.5365065594968,705.692305461913,0.2978723404255319,0.0997110595075603,0.0,0.0,0.0,0.0,0.0,1.0,0.0,1.0,1.0,0.0,0.0
330,725.0,695.0776273114345,706.8106482790962,701.970873786407,703.1105634699142,705.692305461913,0.2553191489361702,0.0169641749242195,0.0,0.0,0.0,0.0,0.0,1.0,1.0,0.0,1.0,0.0,0.0
331,750.0,704.5562854110732,706.8106482790962,701.970873786407,702.9283352403625,705.692305461913,0.6382978723404256,0.1387623420133657,0.0,0.0,0.0,1.0,0.0,0.0,1.0,0.0,1.0,0.0,0.0
332,640.0,704.5562854110732,691.4062009883112,701.970873786407,705.544032472127,705.692305461913,0.5212765957446809,0.5163348873486608,0.0,0.0,0.0,1.0,0.0,0.0,0.0,1.0,1.0,0.0,0.0
333,700.0,689.5390471579225,700.6830665534904,701.970873786407,710.5365065594968,705.692305461913,0.3617021276595744,0.2033751085742648,0.0,0.0,0.0,1.0,0.0,0.0,0.0,1.0,1.0,0.0,0.0
334,700.0,689.5390471579225,706.8106482790962,701.970873786407,702.7696136397069,705.692305461913,0.4148936170212766,0.130218212114229,0.0,0.0,0.0,1.0,0.0,0.0,0.0,1.0,1.0,0.0,0.0
335,700.0,704.5562854110732,702.3917346259143,701.970873786407,710.5365065594968,696.3333379576432,0.5851063829787234,0.5349121656355805,0.0,0.0,0.0,1.0,0.0,0.0,0.0,1.0,1.0,0.0,0.0
336,695.0,704.5562854110732,698.562167078276,701.970873786407,701.7385556407845,696.3333379576432,0.4468085106382978,0.2655239040646659,0.0,0.0,0.0,1.0,0.0,0.0,1.0,0.0,1.0,0.0,0.0
