,price,propertyType,exterior,rooms,bathrooms,municipality,status,floor,hasLift,size_MinMax,distance_MinMax
0,750.0,flat,True,1,1,Madrid,good,3,True,0.4255319148936171,0.12149681810930105
1,750.0,flat,True,2,1,San Sebastián de los Reyes,good,bj,False,0.5319148936170213,0.2829489656639427
2,590.0,flat,True,3,2,Rascafría,good,desconocido,False,0.5319148936170213,1.0
3,684.0,studio,True,0,1,Madrid,desconocido,desconocido,desconocido,0.26595744680851063,0.18564869799514297
4,600.0,flat,True,2,1,Manzanares el Real,good,3,False,0.5638297872340425,0.6537322957474342
5,600.0,duplex,True,1,1,Miraflores de la Sierra,good,1,False,0.5425531914893618,0.7789516600783508
6,550.0,flat,True,1,1,Madrid,good,1,False,0.35106382978723405,0.06780352046514102
7,700.0,studio,True,0,1,Madrid,good,1,False,0.08510638297872339,0.09547444737915019
8,700.0,duplex,True,2,1,Galapagar,good,3,True,0.7021276595744681,0.5489869356354032
9,700.0,flat,False,1,1,Madrid,good,5,False,0.26595744680851063,0.03302430290890398
10,550.0,flat,True,2,1,Arganda,good,en,False,0.36170212765957444,0.4617729955861238
11,695.0,flat,True,2,1,San Sebastián de los Reyes,good,1,False,0.46808510638297873,0.2758938542534522
12,650.0,flat,True,2,1,San Lorenzo de el Escorial,good,bj,False,0.5106382978723404,0.7485331395245778
13,700.0,flat,False,1,1,Madrid,good,1,True,0.10638297872340427,0.0543137220144293
14,700.0,flat,False,1,1,Madrid,good,1,False,0.15957446808510636,0.030329888500877457
15,700.0,flat,True,1,1,Madrid,good,2,True,0.24468085106382978,0.07549678265647988
16,650.0,flat,True,2,1,Madrid,good,1,False,0.4255319148936171,0.06739581302182121
17,700.0,flat,True,3,2,Aranjuez,good,bj,False,0.9042553191489361,0.7767713115771189
18,695.0,flat,False,1,1,Madrid,good,4,True,0.2127659574468085,0.037012745289206395
19,675.0,flat,True,1,1,Villanueva del Pardillo,good,bj,False,0.2127659574468085,0.4143193944658146
20,750.0,studio,False,0,1,Madrid,good,bj,True,0.26595744680851063,0.01496109052877883
21,750.0,flat,True,3,2,Aranjuez,good,1,True,0.8404255319148936,0.7677131157711876
22,680.0,flat,False,1,1,Madrid,good,1,True,0.19148936170212763,0.04268519667452538
23,750.0,flat,True,1,1,Madrid,good,1,True,0.32978723404255317,0.20762944711325407
24,750.0,penthouse,True,1,1,Las Rozas de Madrid,good,2,False,0.4255319148936171,0.3746122347685817
25,750.0,studio,False,0,1,Madrid,good,4,True,0.05319148936170212,0.006204243702692643
26,750.0,flat,False,1,1,Madrid,good,1,False,0.2127659574468085,0.032013897505894034
27,650.0,flat,True,2,1,Madrid,good,1,False,0.44680851063829785,0.135748852214915
28,750.0,studio,True,0,1,Madrid,good,3,False,0.10638297872340427,0.013330260755499621
29,750.0,flat,False,1,1,Madrid,good,5,False,0.20212765957446807,0.03284703880311276
30,700.0,flat,True,2,1,Madrid,good,3,False,0.44680851063829785,0.14728874550192333
31,747.0,flat,True,3,2,Navalcarnero,good,1,True,0.8085106382978723,0.4684735787850318
32,640.0,studio,True,0,1,Madrid,good,1,True,0.15957446808510636,0.12658429794550902
33,750.0,flat,False,1,1,Madrid,good,st,True,0.10638297872340427,0.03456650062928758
34,750.0,flat,True,2,1,Alcalá de Henares,good,2,True,0.5319148936170213,0.5055572297165547
35,625.0,flat,True,2,1,El Escorial,good,2,False,0.34042553191489366,0.7137007427366033
36,700.0,studio,True,0,1,Madrid,good,3,True,0.2127659574468085,0.02212256040274405
37,750.0,studio,True,0,1,Madrid,good,en,True,0.2127659574468085,0.03960080123375818
38,650.0,flat,False,1,1,Madrid,good,2,True,0.15957446808510636,0.016627373123216282
39,720.0,flat,True,3,1,Alcalá de Henares,good,2,False,0.5319148936170213,0.512576888305887
40,699.0,flat,True,1,1,Madrid,good,3,True,0.34042553191489366,0.12247177069115274
41,750.0,flat,True,2,1,Leganés,good,desconocido,True,0.4787234042553191,0.22863524364951343
42,695.0,flat,True,2,1,Coslada,good,desconocido,True,0.4787234042553191,0.2432240795561307
43,750.0,flat,True,2,2,Torrejón de Ardoz,good,desconocido,True,0.6170212765957447,0.3463031570737241
44,620.0,flat,True,2,1,Madrid,good,desconocido,False,0.4255319148936171,0.13823054969599208
45,550.0,flat,True,1,1,Leganés,good,desconocido,False,0.19148936170212763,0.19064754577845533
46,750.0,flat,False,1,1,Madrid,good,3,True,0.276595744680851,0.022920248878804533
47,680.0,studio,True,0,1,Madrid,good,bj,False,0.37234042553191493,0.08710758158580469
48,700.0,flat,True,1,2,Camarma de Esteruelas,desconocido,desconocido,desconocido,0.3191489361702128,0.5649229787460338
49,750.0,duplex,True,1,1,Madrid,desconocido,desconocido,desconocido,0.15957446808510636,0.06849485047772676
50,750.0,flat,True,2,1,Alcorcón,good,1,True,0.4893617021276596,0.23271231808271145
51,650.0,flat,True,1,1,Alcalá de Henares,good,en,True,0.4787234042553191,0.5186215943133675
52,600.0,flat,True,1,1,Valdemoro,good,desconocido,True,0.3191489361702128,0.4298122773119671
53,650.0,flat,True,1,1,Collado Villalba,good,2,True,0.43617021276595747,0.6151596263272651
54,650.0,flat,False,2,1,Alcorcón,good,3,False,0.4787234042553191,0.20126566571534932
55,700.0,flat,True,1,1,Madrid,good,3,False,0.26595744680851063,0.21516317160938084
56,625.0,flat,True,2,1,Getafe,good,bj,False,0.44680851063829785,0.20355237268005602
57,595.0,flat,True,1,1,Madrid,good,bj,False,0.26595744680851063,0.0772871501249712
58,650.0,flat,True,1,1,Madrid,good,4,True,0.37234042553191493,0.18279474589190436
59,725.0,flat,True,1,1,Madrid,good,2,True,0.3191489361702128,0.13339123960789181
60,750.0,flat,True,3,1,Alcalá de Henares,good,8,True,0.797872340425532,0.501657419389148
61,700.0,penthouse,True,1,1,Madrid,good,1,True,0.10638297872340427,0.2103415879318597
62,700.0,flat,False,1,1,Madrid,good,3,False,0.07446808510638295,0.02141350397957918
63,650.0,flat,True,2,1,Alcalá de Henares,good,1,True,0.4148936170212766,0.5385106269831422
64,550.0,flat,True,1,1,Paracuellos de Jarama,good,3,True,0.2127659574468085,0.3113998546434332
65,650.0,flat,True,1,1,Madrid,good,4,True,0.37234042553191493,0.17926719018665913
66,750.0,flat,True,2,1,Madrid,good,desconocido,True,0.4787234042553191,0.09566943789552053
67,725.0,flat,True,2,1,Madrid,good,desconocido,True,0.5319148936170213,0.06973569921826529
68,700.0,flat,True,1,1,Alcalá de Henares,good,1,False,0.6382978723404256,0.51897612252495
69,650.0,flat,True,1,1,Madrid,good,bj,True,0.2127659574468085,0.213443709783206
70,695.0,flat,True,3,1,Madrid,good,desconocido,False,0.7446808510638298,0.13376349423005338
71,750.0,flat,True,1,1,Madrid,good,desconocido,False,0.37234042553191493,0.10341587931859678
72,650.0,flat,True,2,1,Madrid,good,desconocido,True,0.4787234042553191,0.13075000443160265
73,666.0,flat,True,1,2,Villanueva del Pardillo,good,1,True,0.5319148936170213,0.4374700866821477
74,750.0,flat,True,2,2,Alcalá de Henares,good,desconocido,True,0.6170212765957447,0.5281229503837769
75,630.0,flat,True,3,1,El Molar,good,desconocido,True,0.574468085106383,0.6434687040221226
76,635.0,studio,True,0,1,Leganés,good,2,True,0.37234042553191493,0.2542853597575027
77,725.0,flat,True,2,1,Collado Villalba,good,1,True,0.5212765957446809,0.6329923953698616
78,750.0,flat,False,1,1,Madrid,good,1,False,0.15957446808510636,0.01198305355148636
79,690.0,flat,True,2,1,Madrid,good,3,False,0.4787234042553191,0.08049563043979224
80,700.0,studio,False,0,1,Madrid,good,2,True,0.10638297872340427,0.015209260276886533
81,730.0,flat,True,3,1,Parla,good,1,False,0.46808510638297873,0.355449984932551
82,750.0,flat,True,1,1,Madrid,good,1,True,0.32978723404255317,0.057664013613883326
83,750.0,flat,False,1,1,Tres Cantos,good,4,True,0.2978723404255319,0.36060837041107546
84,690.0,flat,True,1,1,Madrid,good,desconocido,False,0.15957446808510636,0.08187829046496374
85,750.0,flat,True,3,1,Alcorcón,good,4,True,0.574468085106383,0.22750075337244963
86,700.0,duplex,True,1,1,Madrid,good,bj,False,0.15957446808510636,0.011858968677432507
87,720.0,flat,True,1,1,Madrid,good,4,True,0.23404255319148934,0.14447024621984295
88,595.0,flat,True,1,1,Quijorna,good,1,False,0.37234042553191493,0.52321273465336
89,700.0,flat,False,1,1,Madrid,good,1,False,0.26595744680851063,0.016485561838583306
90,700.0,flat,True,2,1,Aranjuez,good,1,False,0.5851063829787234,0.7752113874461561
91,675.0,duplex,True,2,2,Miraflores de la Sierra,good,2,False,0.7127659574468085,0.7856345168666797
92,650.0,flat,True,1,1,Pedrezuela,good,bj,False,0.26595744680851063,0.6657685285306579
93,750.0,studio,True,0,1,Madrid,good,2,True,0.37234042553191493,0.013028911775654548
94,720.0,studio,True,0,1,San Sebastián de los Reyes,good,5,True,0.26595744680851063,0.27032776133160796
95,624.0,flat,True,1,1,Valdemoro,newdevelopment,desconocido,True,0.26595744680851063,0.4235548543775371
96,633.0,flat,True,1,1,Valdemoro,newdevelopment,desconocido,True,0.26595744680851063,0.4235548543775371
97,640.0,studio,True,0,1,Madrid,good,2,True,0.13829787234042554,0.1950968748338149
98,645.0,flat,True,2,2,Aranjuez,good,2,True,0.6808510638297872,0.7736514633151934
99,750.0,flat,False,1,1,Madrid,good,3,False,0.276595744680851,0.015705599773101948
100,735.0,studio,True,0,1,Madrid,good,1,True,0.15957446808510636,0.19330650736532362
101,600.0,flat,True,1,1,Daganzo de Arriba,desconocido,desconocido,desconocido,0.37234042553191493,0.4432666229415206
102,750.0,flat,True,3,1,Madrid,good,desconocido,False,0.5851063829787234,0.14363710492262424
103,600.0,penthouse,True,1,1,Madrid,good,5,True,0.05319148936170212,0.0
104,705.0,flat,True,1,1,Madrid,good,4,True,0.2978723404255319,0.2001134490277064
105,650.0,flat,True,2,1,Guadarrama,good,3,False,0.44680851063829785,0.7630510697888785
106,700.0,duplex,True,2,1,Cobeña,good,1,False,0.43617021276595747,0.4207186286848776
107,650.0,studio,False,0,1,Madrid,good,en,True,0.2127659574468085,0.08694804389059259
108,700.0,flat,True,1,1,Madrid,good,bj,False,0.2127659574468085,0.05128250580539947
109,730.0,flat,True,2,1,Madrid,good,4,False,0.32978723404255317,0.11671068725293815
110,750.0,flat,True,2,1,Madrid,good,3,False,0.3191489361702128,0.1444347933986847
111,680.0,flat,True,2,1,Torrejón de Ardoz,good,3,False,0.3829787234042553,0.33884033821991383
112,710.0,flat,True,3,1,Parla,good,4,False,0.6170212765957447,0.3799478843528974
113,720.0,flat,True,2,1,Madrid,good,1,False,0.2872340425531915,0.12240086504883625
114,750.0,studio,True,0,1,Madrid,good,desconocido,True,0.24468085106382978,0.09127328807189831
115,695.0,studio,True,0,1,Madrid,good,desconocido,True,0.2127659574468085,0.21613812419123254
116,630.0,flat,True,1,2,El Álamo,desconocido,desconocido,desconocido,0.36170212765957444,0.5716590147661
117,750.0,flat,True,3,1,Algete,good,desconocido,True,0.7446808510638298,0.4647510325634162
118,730.0,flat,True,1,1,Madrid,good,2,True,0.3191489361702128,0.15127718788222574
119,600.0,flat,True,3,1,Valdemoro,good,desconocido,True,0.7446808510638298,0.44314253806746673
120,650.0,studio,True,0,1,Madrid,good,bj,True,0.26595744680851063,0.0970166450995338
121,750.0,flat,False,1,1,Madrid,good,bj,True,0.19148936170212763,0.005087479836207967
122,730.0,flat,True,1,1,Rivas-Vaciamadrid,good,desconocido,True,0.3191489361702128,0.28764646446741
123,735.0,studio,True,0,1,Madrid,good,2,True,0.10638297872340427,0.1950791484232358
124,610.0,flat,False,1,1,Pinto,good,bj,True,0.5531914893617021,0.3432010352223778
125,580.0,chalet,False,3,2,Los Santos de la Humosa,good,desconocido,desconocido,0.36170212765957444,0.6890255792104657
126,725.0,flat,True,1,1,Villanueva del Pardillo,good,en,False,0.3191489361702128,0.4184141953095918
127,750.0,flat,True,1,1,Madrid,good,1,False,0.2978723404255319,0.08689486465885522
128,750.0,flat,True,3,1,Alcalá de Henares,good,2,False,0.5319148936170213,0.5225214046407743
129,750.0,flat,True,1,1,Madrid,good,7,True,0.3085106382978724,0.14681013241628704
130,730.0,flat,True,3,1,Parla,good,3,False,0.4255319148936171,0.36808891567546487
131,560.0,flat,False,1,1,Madrid,good,bj,False,0.06382978723404256,0.00783507347597185
132,700.0,studio,True,0,1,Madrid,desconocido,desconocido,desconocido,0.03191489361702127,0.019286334710084556
133,750.0,flat,True,3,1,San Fernando de Henares,good,2,True,0.6382978723404256,0.2624926878556361
134,730.0,flat,True,3,1,Pinto,good,3,False,0.5319148936170213,0.32967578395050784
135,730.0,flat,True,2,1,Madrid,good,4,False,0.34042553191489366,0.15322709304592916
136,740.0,flat,True,2,1,Madrid,good,3,False,0.46808510638297873,0.14503749135837485
137,720.0,flat,True,2,1,Madrid,good,2,False,0.4787234042553191,0.12989913672380482
138,720.0,flat,True,2,1,Torrejón de Ardoz,good,2,False,0.45744680851063835,0.3465158740006736
139,740.0,flat,True,2,1,Madrid,good,1,True,0.36170212765957444,0.11438852746707319
140,720.0,flat,True,2,1,Getafe,good,3,False,0.34042553191489366,0.2217928491659724
141,730.0,flat,True,2,1,Madrid,good,3,False,0.26595744680851063,0.07448637725346995
142,600.0,duplex,False,1,1,Madrid,desconocido,desconocido,desconocido,0.6382978723404256,0.12479393047701771
143,600.0,duplex,False,1,1,Madrid,desconocido,desconocido,desconocido,0.6382978723404256,0.12334036480952972
144,725.0,duplex,True,2,1,Cobeña,good,1,False,0.5425531914893618,0.40726428305532414
145,675.0,flat,True,3,1,Aldea del Fresno,good,2,False,0.5957446808510638,0.7675890308971337
146,750.0,flat,True,1,1,San Sebastián de los Reyes,good,3,True,0.36170212765957444,0.2774360519738358
147,750.0,duplex,True,2,2,Collado Villalba,good,1,False,0.6276595744680851,0.6118093347278111
148,700.0,flat,True,1,1,Madrid,good,2,True,0.36170212765957444,0.05621044794639534
149,750.0,flat,True,2,1,Madrid,good,3,False,0.36170212765957444,0.1442752557034726
150,730.0,flat,True,2,1,Madrid,good,3,False,0.2978723404255319,0.12078776168613617
151,650.0,flat,True,2,1,Alcalá de Henares,good,4,False,0.43617021276595747,0.5038200414798009
152,730.0,flat,True,2,1,Madrid,good,1,False,0.45744680851063835,0.13667062556502935
153,720.0,flat,True,2,1,Madrid,good,2,False,0.3191489361702128,0.12156772375161753
154,720.0,flat,True,2,1,Madrid,good,1,False,0.32978723404255317,0.12036232783223726
155,750.0,flat,True,2,1,Madrid,good,1,False,0.2872340425531915,0.07719851807207559
156,730.0,flat,True,2,1,Madrid,good,3,False,0.3191489361702128,0.12812649566589263
157,730.0,flat,True,2,1,Madrid,good,2,False,0.2127659574468085,0.07122471770691152
158,670.0,flat,True,2,1,Valdemoro,good,1,True,0.5,0.44168897239997873
159,740.0,flat,True,2,1,Madrid,good,3,False,0.34042553191489366,0.08294187509971106
160,720.0,flat,True,2,1,Alcalá de Henares,good,1,True,0.5212765957446809,0.5123109921472002
161,750.0,flat,True,2,1,Madrid,good,4,False,0.4148936170212766,0.14565791572864412
162,740.0,flat,True,2,1,Madrid,good,3,False,0.26595744680851063,0.13360395653484128
163,740.0,flat,True,2,1,Madrid,good,1,True,0.4255319148936171,0.11499122542676334
164,730.0,studio,False,0,1,Madrid,good,desconocido,True,0.26595744680851063,0.01189442149859075
165,620.0,flat,True,3,1,Parla,good,desconocido,True,0.5851063829787234,0.3697906510910606
166,695.0,flat,True,2,1,Fuenlabrada,good,desconocido,False,0.5,0.2823462677042526
167,650.0,flat,True,3,1,Navalcarnero,good,desconocido,True,0.797872340425532,0.5264921206104977
168,675.0,flat,True,2,1,Alcalá de Henares,good,desconocido,True,0.5106382978723404,0.536720259514651
169,695.0,flat,True,2,1,Madrid,good,desconocido,False,0.4787234042553191,0.14714693421729036
170,750.0,flat,True,2,2,Parla,good,6,True,0.9680851063829786,0.3616187758140854
171,675.0,flat,False,1,1,Madrid,desconocido,desconocido,desconocido,0.15957446808510636,0.014766100012408488
172,730.0,flat,False,3,1,Parla,good,3,False,0.4255319148936171,0.36468544484427345
173,690.0,flat,True,2,1,Parla,good,desconocido,True,0.6914893617021277,0.3655363125520713
174,750.0,flat,False,1,1,Madrid,good,bj,False,0.26595744680851063,0.08696577030117171
175,600.0,studio,True,0,1,Madrid,good,1,True,0.1276595744680851,0.1088756137769663
176,723.0,studio,True,0,1,Rivas-Vaciamadrid,newdevelopment,desconocido,True,0.05319148936170212,0.29411660432878944
177,725.0,flat,True,1,1,Madrid,good,1,True,0.3191489361702128,0.18293655717653734
178,750.0,flat,True,3,1,Getafe,desconocido,desconocido,desconocido,0.5,0.20339283498484392
179,600.0,flat,True,2,1,Mataelpino,desconocido,desconocido,desconocido,0.26595744680851063,0.7235920798397533
180,750.0,flat,True,3,1,San Fernando de Henares,good,2,False,0.5319148936170213,0.25630617056352256
181,720.0,flat,True,1,1,Madrid,good,bj,False,0.36170212765957444,0.05518231613280627
182,550.0,penthouse,True,2,2,Villa del Prado,good,desconocido,False,0.5851063829787234,0.9406342509705211
183,720.0,flat,False,3,1,Madrid,good,3,False,0.3085106382978724,0.14585290624501446
184,740.0,flat,True,3,1,Madrid,good,1,True,0.4787234042553191,0.14642015138354636
185,720.0,flat,False,2,1,Madrid,good,4,False,0.3829787234042553,0.1153634800489249
186,650.0,flat,False,1,1,Madrid,good,3,False,0.11702127659574466,0.01815184443302076
187,650.0,flat,True,2,1,Aranjuez,good,3,False,0.8085106382978723,0.7758849910481628
188,690.0,flat,True,2,1,Alcalá de Henares,good,bj,False,0.46808510638297873,0.539786928544839
189,750.0,studio,True,0,1,Madrid,good,5,True,0.05319148936170212,0.05307287327389077
190,725.0,flat,True,1,1,Madrid,good,2,True,0.26595744680851063,0.18302518922943295
191,620.0,flat,False,1,1,Pinto,good,bj,True,0.6914893617021277,0.34715402478152196
192,590.0,flat,True,1,1,Los Molinos,good,bj,False,0.34042553191489366,0.7860422243099996
193,750.0,penthouse,True,0,1,Tres Cantos,good,1,True,0.6382978723404256,0.365784482300179
194,720.0,studio,True,0,1,Madrid,good,2,True,0.1702127659574468,0.10267137007427365
195,700.0,flat,True,2,1,San Lorenzo de el Escorial,good,3,False,0.6595744680851063,0.7494726392852712
196,692.0,flat,True,2,2,Torrejón de Ardoz,newdevelopment,desconocido,True,0.6702127659574468,0.35649584315671917
197,670.0,flat,True,2,2,Torrejón de Ardoz,newdevelopment,desconocido,True,0.6276595744680851,0.35649584315671917
198,609.0,flat,True,1,1,Alcalá de Henares,newdevelopment,bj,True,0.3829787234042553,0.5318454966053925
199,718.0,flat,True,2,2,Torrejón de Ardoz,newdevelopment,desconocido,True,0.7021276595744681,0.35649584315671917
200,694.0,flat,True,2,2,Torrejón de Ardoz,newdevelopment,desconocido,True,0.648936170212766,0.35649584315671917
201,658.0,flat,True,2,2,Torrejón de Ardoz,newdevelopment,desconocido,True,0.6170212765957447,0.35649584315671917
202,750.0,flat,False,2,1,Madrid,good,2,True,0.1702127659574468,0.06092567316044175
203,723.0,flat,True,2,2,Torrejón de Ardoz,newdevelopment,desconocido,True,0.723404255319149,0.35649584315671917
204,728.0,flat,True,2,2,Torrejón de Ardoz,newdevelopment,desconocido,True,0.7553191489361702,0.35649584315671917
205,650.0,studio,True,0,1,Madrid,good,bj,False,0.08510638297872339,0.08397000691330013
206,750.0,flat,False,2,1,Alcalá de Henares,good,1,False,0.4255319148936171,0.5225745838725118
207,735.0,flat,True,3,1,Parla,good,4,False,0.4255319148936171,0.3669898782195593
208,699.0,penthouse,True,2,1,Colmenar Viejo,good,2,False,0.6170212765957447,0.48749401733642955
209,725.0,flat,True,3,1,Móstoles,good,4,False,0.5,0.3014907911297041
210,740.0,flat,True,3,2,Alcalá de Henares,good,bj,True,0.6063829787234043,0.499920231152394
211,720.0,flat,True,1,1,Collado Villalba,good,2,True,0.5638297872340425,0.6129438250048749
212,750.0,flat,True,3,1,Getafe,good,en,True,0.6276595744680851,0.20465141013596158
213,710.0,flat,True,3,1,Parla,good,4,False,0.4893617021276596,0.361707407866981
214,725.0,flat,True,2,1,Madrid,good,3,False,0.44680851063829785,0.1341002960310567
215,750.0,flat,False,1,1,Madrid,good,bj,False,0.276595744680851,0.09744207895343272
216,750.0,flat,True,2,1,Madrid,good,1,True,0.43617021276595747,0.05278925070462483
217,720.0,flat,False,2,1,Parla,good,desconocido,True,0.9574468085106383,0.376402602237073
218,720.0,flat,False,2,1,Madrid,good,bj,False,0.2978723404255319,0.059702550830482336
219,700.0,flat,False,2,1,Madrid,good,4,False,0.3936170212765957,0.14583517983443534
220,750.0,duplex,True,2,2,Cobeña,good,1,False,0.5851063829787234,0.42530976902487017
221,610.0,studio,False,0,1,Madrid,good,3,True,0.06382978723404256,0.09146827858826866
222,740.0,flat,False,2,1,Móstoles,good,4,False,0.34042553191489366,0.30741141226313085
223,715.0,flat,True,2,1,Colmenar Viejo,good,bj,True,0.44680851063829785,0.46753407902433836
224,550.0,flat,False,2,1,Aranjuez,good,bj,False,0.3936170212765957,0.7682271816779821
225,710.0,flat,True,1,1,Madrid,good,bj,False,0.1702127659574468,0.020066296775565918
226,730.0,flat,True,2,1,Madrid,good,2,False,0.32978723404255317,0.1402159076808537
227,750.0,studio,True,0,1,Madrid,good,8,True,0.03191489361702127,0.020988070125680252
228,690.0,flat,False,1,1,Madrid,good,3,True,0.13829787234042554,0.08950064701398613
229,740.0,flat,True,3,1,Parla,good,4,True,0.5638297872340425,0.3838654210908833
230,750.0,duplex,True,1,1,Madrid,good,bj,True,0.4893617021276596,0.09650257919273926
231,720.0,flat,False,3,1,Madrid,good,2,False,0.25531914893617025,0.14168719975892083
232,740.0,flat,True,2,1,Madrid,good,2,False,0.2234042553191489,0.08161239430627693
233,740.0,flat,True,1,1,Madrid,good,1,True,0.3936170212765957,0.06131565419318243
234,740.0,flat,True,2,1,Colmenar Viejo,good,1,True,0.44680851063829785,0.4734192473366068
235,700.0,flat,False,2,1,Getafe,good,4,False,0.574468085106383,0.17313385212628296
236,730.0,flat,False,1,1,Madrid,good,2,True,0.15957446808510636,0.010228138904153299
237,700.0,studio,True,0,1,Madrid,good,3,True,0.08510638297872339,0.1687022494815025
238,750.0,flat,True,2,2,Valdemoro,good,3,True,0.9468085106382979,0.43025543757644513
239,749.0,flat,True,1,1,Madrid,good,2,True,0.19148936170212763,0.11208409409178735
240,700.0,studio,False,0,1,Madrid,good,bj,True,0.10638297872340427,0.039494442770283446
241,667.0,flat,True,1,1,Parla,good,8,True,0.5319148936170213,0.37229007498271677
242,725.0,flat,False,1,1,Madrid,good,1,True,0.26595744680851063,0.18107528406572954
243,550.0,penthouse,True,3,1,Robledo de Chavela,good,3,False,0.5319148936170213,0.8404445783773244
244,695.0,flat,True,3,1,Parla,good,4,False,0.37234042553191493,0.3471185719603637
245,750.0,flat,True,3,1,Campo Real,good,1,False,0.9042553191489361,0.5074539556485208
246,699.0,flat,True,1,1,Madrid,good,3,True,0.34042553191489366,0.12247177069115274
247,750.0,studio,True,0,1,Madrid,good,14,True,0.1276595744680851,0.0854944782231046
248,730.0,flat,True,3,1,Collado Villalba,good,4,False,0.6382978723404256,0.6309006789215252
249,710.0,flat,True,1,1,Madrid,good,bj,False,0.10638297872340427,0.017247797493485546
250,650.0,flat,True,1,1,Madrid,good,4,True,0.4042553191489362,0.10176732313473845
251,600.0,countryHouse,False,2,2,Villaviciosa de Odón,renew,desconocido,desconocido,0.4255319148936171,0.41821920479322144
252,740.0,flat,True,2,1,Madrid,good,3,False,0.2234042553191489,0.144913406484321
253,525.0,flat,True,1,1,Aranjuez,good,3,True,0.2127659574468085,0.7600375799904278
254,750.0,studio,True,0,1,Madrid,good,4,False,0.15957446808510636,0.019304061120663678
255,750.0,flat,True,3,1,Alcalá de Henares,good,2,True,0.574468085106383,0.5151649442504388
256,710.0,flat,True,3,1,Alcalá de Henares,good,5,True,0.5212765957446809,0.5008951837342457
257,560.0,studio,True,0,1,Madrid,good,bj,False,0.276595744680851,0.06386825731657596
258,600.0,flat,True,1,1,Torrejón de Ardoz,good,bj,False,0.23404255319148934,0.33187385886231896
259,720.0,flat,True,1,1,Madrid,good,ss,False,0.25531914893617025,0.06037615443248897
260,750.0,flat,True,2,1,Madrid,good,desconocido,False,0.4255319148936171,0.04268519667452538
261,750.0,flat,False,1,1,Madrid,good,4,True,0.23404255319148934,0.04571641288355521
262,750.0,studio,True,0,1,Madrid,good,4,True,0.7446808510638298,0.12488256252991332
263,650.0,studio,False,0,1,Madrid,good,bj,True,0.26595744680851063,0.06424051193873752
264,650.0,flat,True,1,1,Parla,good,2,True,0.4148936170212766,0.362576001985358
265,670.0,flat,True,2,1,Arganda,good,3,True,0.5851063829787234,0.47636183149274103
266,650.0,flat,True,1,1,Getafe,newdevelopment,2,True,0.26595744680851063,0.2162622090652864
267,750.0,flat,True,1,1,Madrid,good,2,True,0.1276595744680851,0.09139737294595217
268,725.0,flat,True,1,1,Madrid,desconocido,desconocido,desconocido,0.3191489361702128,0.09538581532625459
269,620.0,studio,False,0,1,Madrid,good,1,True,0.0,0.030312162090298335
270,680.0,flat,True,1,1,Madrid,good,bj,False,0.15957446808510636,0.05539503305975573
271,750.0,flat,True,3,1,Coslada,good,bj,True,0.7127659574468085,0.21867300090404695
272,670.0,flat,True,1,1,Getafe,newdevelopment,1,True,0.35106382978723405,0.2162622090652864
273,600.0,flat,True,3,1,Alcalá de Henares,desconocido,desconocido,desconocido,0.5851063829787234,0.5064967294772482
274,750.0,flat,True,2,1,Alcorcón,good,4,False,0.5319148936170213,0.22035700990906354
275,700.0,flat,True,2,1,Pozuelo de Alarcón,good,3,False,0.1702127659574468,0.1656001276301562
276,695.0,flat,False,1,1,Madrid,good,1,True,0.4042553191489362,0.09706982433127116
277,710.0,flat,True,1,1,Arganda,good,2,True,0.4893617021276596,0.4401467746795951
278,620.0,flat,True,2,1,Bustarviejo,good,2,False,0.6382978723404256,0.8703135802031448
279,700.0,flat,True,3,1,Collado Mediano,good,1,False,0.6382978723404256,0.7218903444241577
280,715.0,flat,True,3,1,Chinchón,good,bj,False,0.7340425531914894,0.6936876251927748
281,750.0,flat,True,1,1,Madrid,good,1,True,0.3191489361702128,0.19534504458192262
282,750.0,flat,True,1,1,Madrid,good,2,True,0.26595744680851063,0.1461188024037013
283,550.0,studio,False,0,1,Madrid,good,bj,False,0.05319148936170212,0.07918387605693723
284,730.0,flat,True,1,1,Colmenar Viejo,good,desconocido,False,0.4255319148936171,0.48960346019534506
285,750.0,penthouse,True,2,1,Madrid,good,4,True,0.276595744680851,0.06569407760622552
286,700.0,flat,True,1,1,Coslada,good,bj,False,0.26595744680851063,0.24292273057628563
287,680.0,flat,True,2,1,Coslada,renew,bj,True,0.6914893617021277,0.23257050679807847
288,600.0,flat,False,1,1,Madrid,good,4,False,0.08510638297872339,0.07507134880258096
289,750.0,flat,True,2,1,Colmenarejo,good,1,False,0.6382978723404256,0.546186162763902
290,700.0,flat,True,1,1,Alcorcón,good,2,True,0.44680851063829785,0.22790846081576943
291,690.0,flat,True,2,1,Madrid,good,bj,True,0.6063829787234043,0.12585751511176504
292,700.0,flat,True,1,1,Madrid,good,bj,False,0.3191489361702128,0.13580203144665237
293,750.0,flat,True,2,1,Coslada,good,5,True,0.7127659574468085,0.24090191977026573
294,735.0,flat,True,1,1,Getafe,good,4,True,0.32978723404255317,0.2453335224150462
295,700.0,flat,True,3,1,Móstoles,good,5,True,0.6382978723404256,0.3118784677290695
296,725.0,flat,True,3,1,Fuenlabrada,good,desconocido,False,0.5851063829787234,0.2847570595430131
297,733.0,flat,True,2,1,Alcalá de Henares,good,2,True,0.5148936170212767,0.5026855512027371
298,750.0,flat,True,1,1,Madrid,good,bj,True,0.1702127659574468,0.07186286848775991
299,675.0,flat,True,2,1,Madrid,good,bj,False,0.5212765957446809,0.0970166450995338
300,650.0,flat,True,2,1,Guadarrama,good,2,False,0.6914893617021277,0.7601616648644817
301,730.0,flat,True,1,1,Madrid,good,bj,True,0.34042553191489366,0.10096963465867796
302,700.0,flat,True,1,1,Loeches,good,bj,True,0.8191489361702128,0.4329143991633134
303,690.0,studio,False,0,1,Madrid,good,2,True,0.19148936170212763,0.0995337954017691
304,700.0,flat,True,2,1,Guadarrama,good,1,False,0.5319148936170213,0.7619343059223939
305,600.0,duplex,True,2,2,Miraflores de la Sierra,good,2,False,0.7340425531914894,0.7851204509598853
306,700.0,studio,False,0,1,Madrid,good,bj,False,0.05319148936170212,0.009005016574193891
307,690.0,flat,True,2,1,Sevilla la Nueva,good,bj,False,0.4255319148936171,0.5109106057114495
308,750.0,duplex,True,3,3,Serranillos del Valle,good,1,False,0.9999999999999999,0.4948504777267651
309,700.0,studio,True,0,1,Madrid,good,bj,False,0.32978723404255317,0.14691649087976177
310,670.0,flat,True,1,1,Collado Villalba,good,bj,True,0.43617021276595747,0.6195912289720455
311,750.0,flat,True,2,1,Valdemoro,good,4,True,0.6382978723404256,0.4414230762412919
312,740.0,studio,True,0,1,Madrid,good,bj,True,0.13829787234042554,0.1442752557034726
313,750.0,flat,True,4,2,Colmenar Viejo,good,1,False,0.9574468085106383,0.4926701292255331
314,750.0,flat,True,2,1,Madrid,good,3,False,0.44680851063829785,0.09784978639675251
315,750.0,studio,True,0,1,San Sebastián de los Reyes,good,bj,True,0.5319148936170213,0.2852179462180703
316,650.0,studio,True,0,1,Madrid,good,bj,False,0.08510638297872339,0.09246095758069948
317,625.0,flat,True,1,1,Arganda,good,2,True,0.32978723404255317,0.44009359544785775
318,700.0,flat,True,1,1,Madrid,good,bj,True,0.15957446808510636,0.036924113236310785
319,750.0,flat,True,2,2,Colmenarejo,good,1,False,0.797872340425532,0.5420027298672292
320,600.0,studio,False,0,1,Madrid,good,bj,False,0.05319148936170212,0.06432914399163313
321,750.0,flat,True,2,2,Getafe,good,2,True,0.7340425531914894,0.2250367823019517
322,700.0,flat,True,1,1,Valdemorillo,good,1,True,0.37234042553191493,0.564072111038236
323,750.0,flat,True,3,2,Campo Real,good,2,True,0.7446808510638298,0.5061422012656658
324,750.0,flat,True,2,1,Madrid,good,2,True,0.2978723404255319,0.11786290394058108
325,625.0,flat,True,2,1,Aranjuez,good,bj,False,0.3936170212765957,0.7704607094109515
326,750.0,flat,True,1,1,San Sebastián de los Reyes,good,1,False,0.276595744680851,0.28262989027351854
327,695.0,flat,True,1,1,Madrid,good,4,True,0.4148936170212766,0.14911456579157287
328,720.0,flat,True,2,1,Alcorcón,good,bj,False,0.4042553191489362,0.2351940155637885
329,745.0,flat,True,2,1,Alcalá de Henares,good,2,True,0.5638297872340425,0.5072766915427296
330,720.0,flat,True,2,1,Alcalá de Henares,good,2,True,0.5276595744680851,0.5041568432808041
331,750.0,flat,True,2,1,Madrid,good,1,False,0.37234042553191493,0.12903054260542784
332,720.0,studio,True,0,1,Madrid,good,1,True,0.2978723404255319,0.09971105950756032
333,725.0,studio,False,0,1,Madrid,good,8,True,0.25531914893617025,0.016964174924219595
334,750.0,flat,False,2,1,Madrid,good,5,True,0.6382978723404256,0.13876234201336574
335,550.0,flat,True,2,1,Torrelaguna,good,1,True,0.7021276595744681,0.8378387960221936
336,640.0,flat,True,2,1,Villalbilla,good,2,True,0.5212765957446809,0.5163348873486608
337,700.0,flat,True,1,1,Getafe,good,1,True,0.36170212765957444,0.2033751085742648
338,700.0,flat,True,1,1,Madrid,good,6,True,0.4148936170212766,0.13021821211422901
339,700.0,flat,True,2,1,Alcalá de Henares,good,1,False,0.5851063829787234,0.5349121656355805
340,695.0,flat,False,2,1,Alcobendas,good,3,False,0.44680851063829785,0.2655239040646659
